oid,candid,mjd,fid,magpsf,magpsf_corr,magap,magap_corr,sigmapsf,sigmapsf_corr,sigmagap,sigmagap_corr,ra,dec,rb,alert.programid,alert.sumrat,alert.fwhm,alert.ndethist,alert.magdiff,alert.sigmagref,alert.xpos,alert.nneg,alert.tblid,alert.parent_candid,alert.ssdistnr,alert.sgmag1,alert.objectidps1,alert.elong,alert.distnr,alert.srmag2,alert.seeratio,alert.magapbig,alert.ncovhist,sgscore1,alert.programpi,alert.classtar,alert.sigmagnr,alert.simag1,alert.szmag3,isdiffpos,alert.magnr,alert.srmag1,alert.jdstartref,alert.ssmagnr,alert.objectidps2,alert.nid,alert.chinr,alert.jdendhist,alert.bimagerat,alert.nframesref,alert.magref,alert.pid,alert.sgscore3,alert.diffmaglim,alert.szmag1,alert.jdstarthist,alert.sgmag3,alert.jdendref,alert.simag3,alert.mindtoedge,alert.simag2,alert.sigmagapbig,alert.field,alert.nmtchps,alert.aimagerat,alert.ranr,alert.bimage,alert.sharpnr,alert.distpsnr2,alert.sgscore2,alert.ssnamenr,alert.tooflag,alert.pdiffimfilename,alert.chipsf,alert.aimage,alert.distpsnr3,alert.rcid,alert.szmag2,alert.objectidps3,alert.decnr,alert.nbad,alert.magfromlim,alert.jd,alert.sky,alert.ypos,alert.scorr,alert.rfid,alert.distpsnr1,alert.srmag3,alert.sgmag2,alert.neargaia,alert.magzpsciunc,alert.drbversion,alert.exptime,alert.nmatches,alert.neargaiabright,alert.maggaia,alert.magzpsci,alert.drb,alert.clrcoeff,alert.clrcounc,alert.zpclrcov,alert.rbversion,alert.candid,alert.ssnrms,alert.magzpscirms,alert.zpmed,alert.dsnrms,alert.clrrms,alert.maggaiabright,alert.dsdiff,alert.clrmed,alert.fid,alert.ra,alert.dec,alert.magpsf,alert.sigmapsf,alert.magap,alert.sigmagap,alert.rb,alert.magpsf_corr,alert.sigmapsf_corr,alert.magap_corr,alert.sigmagap_corr
ZTF17aacjxza,1005506652715010003,58759.5078125,2,18.55263900756836,16.210554122924805,18.364299774169922,16.18702507019043,0.14351411163806915,0.019238749518990517,0.0681999996304512,0.013225004076957703,112.80876922607422,25.09807014465332,0.7685714364051819,1,1.0,2.5299999713897705,106,-0.1883389949798584,0.010999999940395355,2707.045654296875,2,3,-1000.0,-999.0,16.863100051879883,1.381111244437586e+17,1.088594675064087,0.24053139984607697,17.96820068359375,0.9527516961097717,18.4507999420166,306,0.9982500076293945,Kulkarni,0.9399999976158142,0.010999999940395355,16.234600067138672,-999.0,-1,16.3439998626709,16.239299774169922,2458154.75,-999.0,1.381111244437586e+17,1005,0.2879999876022339,2458760.0,0.38814228773117065,15,16.3439998626709,1005506658304.0,0.5,20.420536041259766,16.0221004486084,2458046.0,-999.0,2458381.0,21.497400283813477,251.4738006591797,17.853900909423828,0.0908999964594841,615,6,0.4225296378135681,112.8087387084961,0.9819999933242798,0.004999999888241291,8.530516624450684,0.9947919845581055,null,0,ztf_20191003506644_000615_zr_c07_o_q4_scimrefdiffimg.fits,11.7075777053833,1.069000005722046,20.444713592529297,27,17.836599349975586,1.3812113171755827e+17,25.098133087158203,0,2.056236982345581,2458760.0,1.1378320455551147,251.4738006591797,6.639401435852051,615120227,0.1338915228843689,21.508699417114258,18.309799194335938,,,,,,,,,,,,,,,,,,,,,,,,,,,,,,,,,,
ZTF17aacjxza,1035453362715010004,58789.453125,1,18.459104537963867,16.68523597717285,18.542999267578125,16.70111083984375,0.08659274131059647,0.019878065213561058,0.06419999897480011,0.01585080474615097,112.80878448486328,25.09812355041504,0.9457142949104309,1,1.0,3.119999885559082,174,0.0838949978351593,0.013000000268220901,2686.753173828125,1,4,-1000.0,-999.0,16.863100051879883,1.381111244437586e+17,1.0791044235229492,0.13372772932052612,17.96820068359375,0.8158783912658691,18.487199783325195,517,0.9982500076293945,Kulkarni,0.9829999804496765,0.013000000268220901,16.234600067138672,-999.0,-1,16.92099952697754,16.239299774169922,2458166.75,-999.0,1.381111244437586e+17,1035,0.6629999876022339,2458790.0,0.21474358439445496,15,16.92099952697754,1035453333504.0,0.5,20.588865280151367,16.0221004486084,2458046.0,-999.0,2458439.0,21.497400283813477,252.00320434570312,17.853900909423828,0.07590000331401825,615,6,0.23173077404499054,112.8087387084961,0.6700000166893005,-0.03400000184774399,8.533159255981445,0.9947919845581055,null,0,ztf_20191102453368_000615_zg_c07_o_q4_scimrefdiffimg.fits,3.901573896408081,0.7229999899864197,20.310455322265625,27,17.836599349975586,1.3812113171755827e+17,25.098115921020508,0,2.045865774154663,2458790.0,-0.23785290122032166,252.00320434570312,11.30368709564209,615120127,0.1555023491382599,21.508699417114258,18.309799194335938,,,,,,,,,,,,,,,,,,,,,,,,,,,,,,,,,,
ZTF17aacjxza,687477852715010003,58441.4765625,1,18.87249755859375,16.754505157470703,19.048099517822266,16.777803421020508,0.10703527182340622,0.018865862861275673,0.0843999981880188,0.015445753000676632,112.8087387084961,25.0981502532959,0.7566666603088379,1,0.9903576970100403,2.930000066757202,24,0.1756020039319992,0.013000000268220901,2630.509033203125,2,3,-1000.0,-999.0,16.863100051879883,1.381111244437586e+17,1.1032148599624634,0.11584221571683884,17.96820068359375,0.8863890171051025,18.994699478149414,119,0.9982500076293945,Kulkarni,0.972000002861023,0.013000000268220901,16.234600067138672,-999.0,-1,16.92099952697754,16.239299774169922,2458166.75,-999.0,1.381111244437586e+17,687,0.6629999876022339,2458442.0,0.20170648396015167,15,16.92099952697754,687477882880.0,0.5,20.842201232910156,16.0221004486084,2458046.0,-999.0,2458439.0,21.497400283813477,341.8981018066406,17.853900909423828,0.0989999994635582,615,6,0.22252559661865234,112.8087387084961,0.5910000205039978,-0.03400000184774399,8.374127388000488,0.9947919845581055,null,0,ztf_20181119477836_000615_zg_c07_o_q4_scimrefdiffimg.fits,4.810494422912598,0.6520000100135803,20.153648376464844,27,17.836599349975586,1.3812113171755827e+17,25.098115921020508,0,1.7941011190414429,2458442.0,-0.13358379900455475,341.8981018066406,10.637367248535156,615120127,0.18055392801761627,21.508699417114258,18.309799194335938,,,,,,,,,,,,,,,,,,,,,,,,,,,,,,,,,,
ZTF17aacjxza,1006497622715010004,58760.49609375,1,18.8596248626709,16.75266456604004,19.097200393676758,16.78375244140625,0.14175057411193848,0.02320348285138607,0.11309999972581863,0.017652692273259163,112.80874633789062,25.098186492919922,0.8871428370475769,1,0.9905140995979309,4.25,107,0.2375749945640564,0.013000000268220901,2710.553955078125,3,4,-1000.0,-999.0,16.863100051879883,1.381111244437586e+17,1.0775861740112305,0.24746479094028473,17.96820068359375,0.6658509969711304,18.899599075317383,307,0.9982500076293945,Kulkarni,0.9829999804496765,0.013000000268220901,16.234600067138672,-999.0,-1,16.92099952697754,16.239299774169922,2458166.75,-999.0,1.381111244437586e+17,1006,0.6629999876022339,2458761.0,0.16376470029354095,15,16.92099952697754,1006497628160.0,0.5,20.40099334716797,16.0221004486084,2458046.0,-999.0,2458439.0,21.497400283813477,257.54119873046875,17.853900909423828,0.11800000071525574,615,6,0.1764705926179886,112.8087387084961,0.6959999799728394,-0.03400000184774399,8.379090309143066,0.9947919845581055,null,0,ztf_20191004497627_000615_zg_c07_o_q4_scimrefdiffimg.fits,4.753026485443115,0.75,20.06257438659668,27,17.836599349975586,1.3812113171755827e+17,25.098115921020508,0,1.303794264793396,2458761.0,-0.053591739386320114,257.54119873046875,13.76053524017334,615120127,0.3114050030708313,21.508699417114258,18.309799194335938,,,,,,,,,,,,,,,,,,,,,,,,,,,,,,,,,,
ZTF17aacjxza,754283552715015012,58508.28515625,2,18.73195457458496,16.229841232299805,18.61910057067871,16.218034744262695,0.12238921225070953,0.01572454907000065,0.09870000183582306,0.014588846825063229,112.80874633789062,25.098068237304688,0.595714271068573,1,0.9730174541473389,1.940000057220459,44,-0.11285500228404999,0.010999999940395355,2642.421142578125,3,12,-1000.0,-999.0,16.863100051879883,1.381111244437586e+17,1.1629955768585205,0.23956359922885895,17.96820068359375,1.4769856929779053,18.563499450683594,156,0.9982500076293945,Kulkarni,0.9950000047683716,0.010999999940395355,16.234600067138672,-999.0,1,16.3439998626709,16.239299774169922,2458154.75,-999.0,1.381111244437586e+17,754,0.2879999876022339,2458508.75,0.3510309159755707,15,16.3439998626709,754283577344.0,0.5,20.068878173828125,16.0221004486084,2458046.0,-999.0,2458381.0,21.497400283813477,350.0006103515625,17.853900909423828,0.11680000275373459,615,6,0.4082474112510681,112.8087387084961,0.6809999942779541,0.004999999888241291,8.46959114074707,0.9947919845581055,null,0,ztf_20190125283507_000615_zr_c07_o_q4_scimrefdiffimg.fits,2.6636455059051514,0.7919999957084656,20.416217803955078,27,17.836599349975586,1.3812113171755827e+17,25.098133087158203,0,1.4497772455215454,2458508.75,0.08867721259593964,350.0006103515625,6.2765936851501465,615120227,0.11588874459266663,21.508699417114258,18.309799194335938,,,,,,,,,,,,,,,,,,,,,,,,,,,,,,,,,,
ZTF17aacjxza,1024486882715010001,58778.48828125,2,18.47528648376465,16.20132064819336,18.53350067138672,16.208322525024414,0.09721405804157257,0.01537357922643423,0.12600000202655792,0.01770084537565708,112.80863952636719,25.098127365112305,0.9599999785423279,1,0.9933754205703735,1.7999999523162842,149,0.0582129992544651,0.010999999940395355,2707.596435546875,2,1,-1000.0,-999.0,16.863100051879883,1.381111244437586e+17,1.0787097215652466,0.31493642926216125,17.96820068359375,1.6257871389389038,18.609399795532227,489,0.9982500076293945,Kulkarni,0.9890000224113464,0.010999999940395355,16.234600067138672,-999.0,-1,16.3439998626709,16.239299774169922,2458154.75,-999.0,1.381111244437586e+17,1024,0.2879999876022339,2458779.0,0.4305555522441864,15,16.3439998626709,1024486866944.0,0.5,19.627077102661133,16.0221004486084,2458046.0,-999.0,2458381.0,21.497400283813477,263.4670104980469,17.853900909423828,0.17149999737739563,615,6,0.46444445848464966,112.8087387084961,0.7749999761581421,0.004999999888241291,8.081830978393555,0.9947919845581055,null,0,ztf_20191022486875_000615_zr_c07_o_q4_scimrefdiffimg.fits,2.4250905513763428,0.8360000252723694,20.052204132080078,27,17.836599349975586,1.3812113171755827e+17,25.098133087158203,0,1.0935766696929932,2458779.0,-1.0272730588912964,263.4670104980469,12.279868125915527,615120227,0.34492048621177673,21.508699417114258,18.309799194335938,,,,,,,,,,,,,,,,,,,,,,,,,,,,,,,,,,
ZTF17aacjxza,1009475522715010002,58763.4765625,1,19.540868759155273,16.827884674072266,19.805599212646484,16.847366333007812,0.20339171588420868,0.02053767256438732,0.20960000157356262,0.018342526629567146,112.80878448486328,25.098134994506836,0.8914285898208618,1,0.9086506962776184,1.3118664026260376,110,0.2647309899330139,0.013000000268220901,2715.075927734375,6,2,-1000.0,-999.0,16.863100051879883,1.381111244437586e+17,1.2542372941970825,0.16997084021568298,17.96820068359375,2.0,19.654800415039062,312,0.9982500076293945,Kulkarni,0.8899999856948853,0.013000000268220901,16.234600067138672,-999.0,-1,16.92099952697754,16.239299774169922,2458166.75,-999.0,1.381111244437586e+17,1009,0.6629999876022339,2458764.0,0.3597927391529083,15,16.92099952697754,1009475518464.0,0.5,20.542940139770508,16.0221004486084,2458046.0,-999.0,2458439.0,21.497400283813477,221.66270446777344,17.853900909423828,0.2273000031709671,615,6,0.45126548409461975,112.8087387084961,0.47200000286102295,-0.03400000184774399,8.544220924377441,0.9947919845581055,null,0,ztf_20191007475521_000615_zg_c07_o_q4_scimrefdiffimg.fits,2.7407445907592773,0.5920000076293945,20.29144287109375,27,17.836599349975586,1.3812113171755827e+17,25.098115921020508,0,0.7373397946357727,2458764.0,0.17584030330181122,221.66270446777344,5.618661403656006,615120127,0.1922028660774231,21.508699417114258,18.309799194335938,,,,,,,,,,,,,,,,,,,,,,,,,,,,,,,,,,
ZTF17aacjxza,848184612715010005,58602.18359375,1,18.76706314086914,16.738876342773438,18.827999114990234,16.748065948486328,0.10894116759300232,0.020096395164728165,0.08479999750852585,0.016697196289896965,112.80876159667969,25.09811782836914,0.6714285612106323,1,0.9994062185287476,2.25,59,0.06093699857592583,0.013000000268220901,2600.682373046875,2,5,-1000.0,-999.0,16.863100051879883,1.381111244437586e+17,1.0641361474990845,0.06528721004724503,17.96820068359375,1.2977490425109863,18.7637996673584,194,0.9982500076293945,Kulkarni,0.9819999933242798,0.013000000268220901,16.234600067138672,-999.0,-1,16.92099952697754,16.239299774169922,2458166.75,-999.0,1.381111244437586e+17,848,0.6629999876022339,2458602.75,0.339555561542511,15,16.92099952697754,848184606720.0,0.5,20.431781768798828,16.0221004486084,2458046.0,-999.0,2458439.0,21.497400283813477,319.7441101074219,17.853900909423828,0.09969999641180038,615,6,0.36133334040641785,112.8087387084961,0.7639999985694885,-0.03400000184774399,8.472273826599121,0.9947919845581055,null,0,ztf_20190429184618_000615_zg_c07_o_q4_scimrefdiffimg.fits,2.5422825813293457,0.8130000233650208,20.292844772338867,27,17.836599349975586,1.3812113171755827e+17,25.098115921020508,0,1.6037815809249878,2458602.75,-0.04496314004063606,319.7441101074219,16.136167526245117,615120127,0.08770857751369476,21.508699417114258,18.309799194335938,,,,,,,,,,,,,,,,,,,,,,,,,,,,,,,,,,
ZTF17aacjxza,739234682715010005,58493.234375,1,18.5797119140625,16.707748413085938,18.738000869750977,16.734336853027344,0.08511798828840256,0.018560562282800674,0.0812000036239624,0.016862187534570694,112.80876159667969,25.098100662231445,0.6399999856948853,1,1.0,3.0299999713897705,39,0.15828900039196014,0.013000000268220901,2633.0791015625,0,5,-1000.0,-999.0,16.863100051879883,1.381111244437586e+17,1.0846353769302368,0.08926406502723694,17.96820068359375,0.9679485559463501,18.64430046081543,146,0.9982500076293945,Kulkarni,0.9829999804496765,0.013000000268220901,16.234600067138672,-999.0,-1,16.92099952697754,16.239299774169922,2458166.75,-999.0,1.381111244437586e+17,739,0.6629999876022339,2458493.75,0.25346535444259644,15,16.92099952697754,739234676736.0,0.5,20.36914825439453,16.0221004486084,2458046.0,-999.0,2458439.0,21.497400283813477,338.5065002441406,17.853900909423828,0.09309999644756317,615,6,0.27491748332977295,112.8087387084961,0.7680000066757202,-0.03400000184774399,8.489601135253906,0.9947919845581055,null,0,ztf_20190110234676_000615_zg_c07_o_q4_scimrefdiffimg.fits,3.6610965728759766,0.8330000042915344,20.343887329101562,27,17.836599349975586,1.3812113171755827e+17,25.098115921020508,0,1.6311477422714233,2458493.75,0.11422380059957504,338.5065002441406,20.6606388092041,615120127,0.06601205468177795,21.508699417114258,18.309799194335938,,,,,,,,,,,,,,,,,,,,,,,,,,,,,,,,,,
ZTF17aacjxza,1002516902715010001,58756.515625,2,18.43242073059082,16.19594955444336,18.189800262451172,16.161836624145508,0.1025630310177803,0.01621859334409237,0.062199998646974564,0.013371957466006279,112.8086929321289,25.098114013671875,0.9285714030265808,1,1.0,1.3286092281341553,103,-0.24262100458145142,0.010999999940395355,2688.53369140625,0,1,-1000.0,-999.0,16.863100051879883,1.381111244437586e+17,1.0596272945404053,0.1646503359079361,17.96820068359375,2.0,18.212499618530273,299,0.9982500076293945,Kulkarni,0.9710000157356262,0.010999999940395355,16.234600067138672,-999.0,-1,16.3439998626709,16.239299774169922,2458154.75,-999.0,1.381111244437586e+17,1002,0.2879999876022339,2458757.0,0.6058967709541321,15,16.3439998626709,1002516905984.0,0.5,20.224201202392578,16.0221004486084,2458046.0,-999.0,2458381.0,21.497400283813477,268.2275085449219,17.853900909423828,0.07919999957084656,615,6,0.6420247554779053,112.8087387084961,0.8050000071525574,0.004999999888241291,8.251286506652832,0.9947919845581055,null,0,ztf_20190930516898_000615_zr_c07_o_q4_scimrefdiffimg.fits,6.070825099945068,0.8529999852180481,20.177825927734375,27,17.836599349975586,1.3812113171755827e+17,25.098133087158203,0,2.0344014167785645,2458757.0,-0.38722190260887146,268.2275085449219,8.366593360900879,615120227,0.17540296912193298,21.508699417114258,18.309799194335938,,,,,,,,,,,,,,,,,,,,,,,,,,,,,,,,,,
ZTF17aacjxza,991519512715010001,58745.51953125,1,19.334348678588867,16.809349060058594,19.236799240112305,16.799419403076172,0.2133345752954483,0.02392103523015976,0.250900000333786,0.029009763151407242,112.80870056152344,25.09821128845215,0.9585714340209961,1,0.9757766127586365,1.4003517627716064,102,-0.09754899889230728,0.013000000268220901,2708.303466796875,5,1,-1000.0,-999.0,16.863100051879883,1.381111244437586e+17,1.0381097793579102,0.35568273067474365,17.96820068359375,2.0,19.32710075378418,295,0.9982500076293945,Kulkarni,0.9309999942779541,0.013000000268220901,16.234600067138672,-999.0,-1,16.92099952697754,16.239299774169922,2458166.75,-999.0,1.381111244437586e+17,991,0.6629999876022339,2458746.0,0.46845370531082153,15,16.92099952697754,991519506432.0,0.5,19.611379623413086,16.0221004486084,2458046.0,-999.0,2458439.0,21.497400283813477,251.51589965820312,17.853900909423828,0.34779998660087585,615,6,0.486306369304657,112.8087387084961,0.656000018119812,-0.03400000184774399,8.21488094329834,0.9947919845581055,null,0,ztf_20190919519514_000615_zg_c07_o_q4_scimrefdiffimg.fits,1.6276861429214478,0.6809999942779541,19.905847549438477,27,17.836599349975586,1.3812113171755827e+17,25.098115921020508,0,0.3745797574520111,2458746.0,-0.19844500720500946,251.51589965820312,5.158319473266602,615120127,0.42008987069129944,21.508699417114258,18.309799194335938,,,,,,,,,,,,,,,,,,,,,,,,,,,,,,,,,,
ZTF17aacjxza,840172652715010002,58594.171875,1,18.935916900634766,16.76329803466797,19.067899703979492,16.780231475830078,0.12331119179725647,0.02010739967226982,0.14419999718666077,0.02092517539858818,112.80876922607422,25.09809684753418,0.7571428418159485,1,1.0,2.5899999141693115,57,0.13198299705982208,0.013000000268220901,2641.031005859375,2,2,-1000.0,-999.0,16.863100051879883,1.381111244437586e+17,1.1051051616668701,0.12291698902845383,17.96820068359375,1.0986278057098389,19.10219955444336,185,0.9982500076293945,Kulkarni,0.9440000057220459,0.013000000268220901,16.234600067138672,-999.0,-1,16.92099952697754,16.239299774169922,2458166.75,-999.0,1.381111244437586e+17,840,0.6629999876022339,2458594.75,0.2571428716182709,15,16.92099952697754,840172634112.0,0.5,20.06025505065918,16.0221004486084,2458046.0,-999.0,2458439.0,21.497400283813477,325.5325012207031,17.853900909423828,0.1882999986410141,615,6,0.28416988253593445,112.8087387084961,0.6660000085830688,-0.03400000184774399,8.513633728027344,0.9947919845581055,null,0,ztf_20190421172616_000615_zg_c07_o_q4_scimrefdiffimg.fits,2.1607000827789307,0.7360000014305115,20.368886947631836,27,17.836599349975586,1.3812113171755827e+17,25.098115921020508,0,0.992354691028595,2458594.75,0.11134439706802368,325.5325012207031,10.152810096740723,615120127,0.08759542554616928,21.508699417114258,18.309799194335938,,,,,,,,,,,,,,,,,,,,,,,,,,,,,,,,,,
ZTF17aacjxza,687435092715015013,58441.43359375,2,18.892589569091797,16.24484634399414,18.91080093383789,16.246423721313477,0.13708290457725525,0.015618713572621346,0.10930000245571136,0.013760403729975224,112.80873107910156,25.098068237304688,0.6066666841506958,1,0.9416255354881287,1.2540245056152344,23,0.0182109996676445,0.010999999940395355,2631.71826171875,4,13,-1000.0,-999.0,16.863100051879883,1.381111244437586e+17,1.3246186971664429,0.24276314675807953,17.96820068359375,2.0,18.750099182128906,118,0.9982500076293945,Kulkarni,0.9940000176429749,0.010999999940395355,16.234600067138672,-999.0,1,16.3439998626709,16.239299774169922,2458154.75,-999.0,1.381111244437586e+17,687,0.2879999876022339,2458442.0,0.3660215437412262,15,16.3439998626709,687435087872.0,0.5,20.44095230102539,16.0221004486084,2458046.0,-999.0,2458381.0,21.497400283813477,340.5379943847656,17.853900909423828,0.11630000174045563,615,6,0.4848390221595764,112.8087387084961,0.45899999141693115,0.004999999888241291,8.42189884185791,0.9947919845581055,null,0,ztf_20181119435081_000615_zr_c07_o_q4_scimrefdiffimg.fits,8.056443214416504,0.6079999804496765,20.390466690063477,27,17.836599349975586,1.3812113171755827e+17,25.098133087158203,0,1.5301530361175537,2458442.0,0.736068606376648,340.5379943847656,8.312335014343262,615120227,0.12082850933074951,21.508699417114258,18.309799194335938,,,,,,,,,,,,,,,,,,,,,,,,,,,,,,,,,,
ZTF17aacjxza,717277762715010005,58471.27734375,2,18.243507385253906,16.169960021972656,18.18429946899414,16.16098403930664,0.0979558527469635,0.01727130077779293,0.07900000363588333,0.015380137600004673,112.8087158203125,25.098148345947266,0.7733333110809326,1,0.9985938668251038,2.609999895095825,33,-0.05920799821615219,0.010999999940395355,2636.8017578125,2,5,-1000.0,-999.0,16.863100051879883,1.381111244437586e+17,1.0643677711486816,0.07765186578035355,17.96820068359375,1.0842400789260864,18.32029914855957,136,0.9982500076293945,Kulkarni,0.7260000109672546,0.010999999940395355,16.234600067138672,-999.0,-1,16.3439998626709,16.239299774169922,2458154.75,-999.0,1.381111244437586e+17,717,0.2879999876022339,2458471.75,0.3333333432674408,15,16.3439998626709,717277757440.0,0.5,19.837499618530273,16.0221004486084,2458046.0,-999.0,2458381.0,21.497400283813477,340.4446105957031,17.853900909423828,0.11309999972581863,615,6,0.35478928685188293,112.8087387084961,0.8700000047683716,0.004999999888241291,8.297797203063965,0.9947919845581055,null,0,ztf_20181219277766_000615_zr_c07_o_q4_scimrefdiffimg.fits,4.802523612976074,0.9259999990463257,20.114356994628906,27,17.836599349975586,1.3812113171755827e+17,25.098133087158203,0,1.6531999111175537,2458471.75,0.0238532405346632,340.4446105957031,16.458003997802734,615120227,0.19772407412528992,21.508699417114258,18.309799194335938,,,,,,,,,,,,,,,,,,,,,,,,,,,,,,,,,,
ZTF17aacjxza,693436032715015004,58447.4375,2,18.896324157714844,16.24517250061035,19.185699462890625,16.267501831054688,0.19837161898612976,0.019968431442975998,0.3215000033378601,0.024155937135219574,112.80866241455078,25.098005294799805,0.550000011920929,1,0.8700125217437744,1.2540245056152344,26,0.28937599062919617,0.010999999940395355,2642.97216796875,8,4,-1000.0,-999.0,16.863100051879883,1.381111244437586e+17,1.07619047164917,0.5097759962081909,17.96820068359375,2.0,19.40290069580078,124,0.9982500076293945,Kulkarni,0.9959999918937683,0.010999999940395355,16.234600067138672,-999.0,1,16.3439998626709,16.239299774169922,2458154.75,-999.0,1.381111244437586e+17,693,0.2879999876022339,2458448.0,0.25119125843048096,15,16.3439998626709,693436022784.0,0.5,19.408306121826172,16.0221004486084,2458046.0,-999.0,2458381.0,21.497400283813477,355.97760009765625,17.853900909423828,0.5009999871253967,615,6,0.27032965421676636,112.8087387084961,0.3149999976158142,0.004999999888241291,8.277592658996582,0.9947919845581055,null,0,ztf_20181125435972_000615_zr_c07_o_q4_scimrefdiffimg.fits,6.351777076721191,0.33899998664855957,20.469266891479492,27,17.836599349975586,1.3812113171755827e+17,25.098133087158203,0,0.22260572016239166,2458448.0,-1.992993950843811,355.97760009765625,7.784111499786377,615120227,0.4220660328865051,21.508699417114258,18.309799194335938,,,,,,,,,,,,,,,,,,,,,,,,,,,,,,,,,,
ZTF17aacjxza,701452532715010005,58455.453125,2,18.743104934692383,16.23094940185547,18.603700637817383,16.216337203979492,0.13304029405117035,0.016472110524773598,0.08839999884366989,0.013849475421011448,112.80879211425781,25.098072052001953,0.6700000166893005,1,1.0,1.4750304222106934,29,-0.13940399885177612,0.010999999940395355,2629.495849609375,3,5,-1000.0,-999.0,16.863100051879883,1.381111244437586e+17,1.0493096113204956,0.29597222805023193,17.96820068359375,2.0,18.764400482177734,127,0.9982500076293945,Kulkarni,0.9739999771118164,0.010999999940395355,16.234600067138672,-999.0,-1,16.3439998626709,16.239299774169922,2458154.75,-999.0,1.381111244437586e+17,701,0.2879999876022339,2458456.0,0.6874434947967529,15,16.3439998626709,701452517376.0,0.5,20.15105628967285,16.0221004486084,2458046.0,-999.0,2458381.0,21.497400283813477,382.3941955566406,17.853900909423828,0.12720000743865967,615,6,0.721341073513031,112.8087387084961,1.0140000581741333,0.004999999888241291,8.6231107711792,0.9947919845581055,null,0,ztf_20181203452535_000615_zr_c07_o_q4_scimrefdiffimg.fits,3.9991893768310547,1.0640000104904175,20.49203872680664,27,17.836599349975586,1.3812113171755827e+17,25.098133087158203,0,1.5473558902740479,2458456.0,0.44772571325302124,382.3941955566406,7.71725606918335,615120227,0.20411577820777893,21.508699417114258,18.309799194335938,,,,,,,,,,,,,,,,,,,,,,,,,,,,,,,,,,
ZTF17aacjxza,1079359982715010002,58833.359375,2,18.37553596496582,16.18852996826172,18.3705997467041,16.187870025634766,0.12361078709363937,0.019048092886805534,0.11590000241994858,0.018213698640465736,112.80874633789062,25.09804916381836,0.927142858505249,1,1.0,2.3299999237060547,247,-0.004935999866575003,0.010999999940395355,2685.17431640625,0,2,-1000.0,-999.0,16.863100051879883,1.381111244437586e+17,1.1009900569915771,0.31459885835647583,17.96820068359375,1.3376071453094482,18.436899185180664,786,0.9982500076293945,Kulkarni,0.984000027179718,0.010999999940395355,16.234600067138672,-999.0,-1,16.3439998626709,16.239299774169922,2458154.75,-999.0,1.381111244437586e+17,1079,0.2879999876022339,2458833.75,0.43347638845443726,15,16.3439998626709,1079359963136.0,0.5,19.47502899169922,16.0221004486084,2458046.0,-999.0,2458381.0,21.497400283813477,276.6134948730469,17.853900909423828,0.15680000185966492,615,6,0.4772532284259796,112.8087387084961,1.0099999904632568,0.004999999888241291,8.481053352355957,0.9947919845581055,null,0,ztf_20191216359977_000615_zr_c07_o_q4_scimrefdiffimg.fits,1.9321955442428589,1.1119999885559082,20.4727840423584,27,17.836599349975586,1.3812113171755827e+17,25.098133087158203,0,1.1044280529022217,2458833.75,-0.14366500079631805,276.6134948730469,10.85001277923584,615120227,0.18663015961647034,21.508699417114258,18.309799194335938,,,,,,,,,,,,,,,,,,,,,,,,,,,,,,,,,,
ZTF17aacjxza,833206342715010000,58587.20703125,1,18.593950271606445,16.71027374267578,18.527999877929688,16.698345184326172,0.1306484490633011,0.025413449853658676,0.16380000114440918,0.03216375410556793,112.80874633789062,25.098140716552734,0.7714285850524902,1,1.0,1.8300000429153442,56,-0.06595099717378616,0.013000000268220901,2626.23095703125,3,0,-1000.0,-999.0,16.863100051879883,1.381111244437586e+17,1.098807454109192,0.09112904965877533,17.96820068359375,1.331432580947876,18.381900787353516,182,0.9982500076293945,Kulkarni,0.9789999723434448,0.013000000268220901,16.234600067138672,-999.0,-1,16.92099952697754,16.239299774169922,2458166.75,-999.0,1.381111244437586e+17,833,0.6629999876022339,2458587.75,0.32076501846313477,15,16.92099952697754,833206353920.0,0.5,19.50630760192871,16.0221004486084,2458046.0,-999.0,2458439.0,21.497400283813477,303.9825134277344,17.853900909423828,0.18330000340938568,615,6,0.35245901346206665,112.8087387084961,0.5870000123977661,-0.03400000184774399,8.41955280303955,0.9947919845581055,null,0,ztf_20190414206308_000615_zg_c07_o_q4_scimrefdiffimg.fits,1.7241301536560059,0.6449999809265137,20.204463958740234,27,17.836599349975586,1.3812113171755827e+17,25.098115921020508,0,0.9783074855804443,2458587.75,1.1389960050582886,303.9825134277344,7.66893196105957,615120127,0.14716337621212006,21.508699417114258,18.309799194335938,,,,,,,,,,,,,,,,,,,,,,,,,,,,,,,,,,
ZTF17aacjxza,727429282715010004,58481.4296875,2,18.8839168548584,16.24408721923828,18.629199981689453,16.21913719177246,0.14896416664123535,0.01649768464267254,0.09109999984502792,0.013931403867900372,112.80867004394531,25.098186492919922,0.6333333253860474,1,1.0,1.5255452394485474,36,-0.25471600890159607,0.010999999940395355,2622.75,0,4,-1000.0,-999.0,16.863100051879883,1.381111244437586e+17,1.1052082777023315,0.27299609780311584,17.96820068359375,2.0,18.625699996948242,143,0.9982500076293945,Kulkarni,0.5329999923706055,0.010999999940395355,16.234600067138672,-999.0,-1,16.3439998626709,16.239299774169922,2458154.75,-999.0,1.381111244437586e+17,727,0.2879999876022339,2458482.0,0.6292831897735596,15,16.3439998626709,727429283840.0,0.5,20.097238540649414,16.0221004486084,2458046.0,-999.0,2458381.0,21.497400283813477,386.4906921386719,17.853900909423828,0.11320000141859055,615,6,0.6954890489578247,112.8087387084961,0.9599999785423279,0.004999999888241291,8.143210411071777,0.9947919845581055,null,0,ztf_20181229429282_000615_zr_c07_o_q4_scimrefdiffimg.fits,3.9618232250213623,1.0609999895095825,19.933208465576172,27,17.836599349975586,1.3812113171755827e+17,25.098133087158203,0,1.468038558959961,2458482.0,-0.23990079760551453,386.4906921386719,6.298233509063721,615120227,0.3784148097038269,21.508699417114258,18.309799194335938,,,,,,,,,,,,,,,,,,,,,,,,,,,,,,,,,,
ZTF17aacjxza,732450722715015007,58486.44921875,2,19.235950469970703,16.27084732055664,19.379899978637695,16.279666900634766,0.18388834595680237,0.01578933745622635,0.17430000007152557,0.014423380605876446,112.8087158203125,25.09815788269043,0.6600000262260437,1,0.9437873959541321,1.6527204513549805,37,0.14395000040531158,0.010999999940395355,2619.68017578125,5,7,-1000.0,-999.0,16.863100051879883,1.381111244437586e+17,1.1173553466796875,0.10361985862255096,17.96820068359375,2.0,19.254899978637695,144,0.9982500076293945,Kulkarni,0.7789999842643738,0.010999999940395355,16.234600067138672,-999.0,1,16.3439998626709,16.239299774169922,2458154.75,-999.0,1.381111244437586e+17,732,0.2879999876022339,2458487.0,0.36606311798095703,15,16.3439998626709,732450717696.0,0.5,20.082963943481445,16.0221004486084,2458046.0,-999.0,2458381.0,21.497400283813477,349.2029113769531,17.853900909423828,0.19220000505447388,615,6,0.40902259945869446,112.8087387084961,0.6050000190734863,0.004999999888241291,8.28906536102295,0.9947919845581055,null,0,ztf_20190103450718_000615_zr_c07_o_q4_scimrefdiffimg.fits,1.8462543487548828,0.6759999990463257,20.08751106262207,27,17.836599349975586,1.3812113171755827e+17,25.098133087158203,0,0.7030639052391052,2458487.0,0.2538541853427887,349.2029113769531,7.883662223815918,615120227,0.22620785236358643,21.508699417114258,18.309799194335938,,,,,,,,,,,,,,,,,,,,,,,,,,,,,,,,,,
ZTF17aacjxza,678366152715010003,58432.3671875,2,18.41185188293457,16.19330596923828,18.385499954223633,16.18985366821289,0.08017086982727051,0.014128483831882477,0.07270000129938126,0.013552755117416382,112.8086166381836,25.098148345947266,0.7900000214576721,1,1.0,2.3499999046325684,18,-0.02635199949145317,0.010999999940395355,2619.35498046875,1,3,-1000.0,-999.0,16.863100051879883,1.381111244437586e+17,1.0332512855529785,0.39969050884246826,17.96820068359375,1.1030858755111694,18.47260093688965,109,0.9982500076293945,Kulkarni,0.6790000200271606,0.010999999940395355,16.234600067138672,-999.0,-1,16.3439998626709,16.239299774169922,2458154.75,-999.0,1.381111244437586e+17,678,0.2879999876022339,2458432.75,0.3455319106578827,15,16.3439998626709,678366150656.0,0.5,20.279247283935547,16.0221004486084,2458046.0,-999.0,2458381.0,21.497400283813477,331.1675109863281,17.853900909423828,0.09809999912977219,615,6,0.3570212721824646,112.8087387084961,0.8119999766349792,0.004999999888241291,7.982445240020752,0.9947919845581055,null,0,ztf_20181110366146_000615_zr_c07_o_q4_scimrefdiffimg.fits,5.225237846374512,0.8389999866485596,19.939971923828125,27,17.836599349975586,1.3812113171755827e+17,25.098133087158203,0,1.8937468528747559,2458432.75,-0.40797749161720276,331.1675109863281,6.23235559463501,615120227,0.4502767026424408,21.508699417114258,18.309799194335938,,,,,,,,,,,,,,,,,,,,,,,,,,,,,,,,,,
ZTF17aacjxza,736214362715010007,58490.21484375,2,18.63405418395996,16.219663619995117,18.541000366210938,16.20920181274414,0.11940571665763855,0.016222286969423294,0.07559999823570251,0.013126554898917675,112.80870056152344,25.098072052001953,0.6433333158493042,1,0.9997166395187378,1.4227230548858643,38,-0.09305500239133835,0.010999999940395355,2621.626220703125,3,7,-1000.0,-999.0,16.863100051879883,1.381111244437586e+17,1.0967007875442505,0.24772696197032928,17.96820068359375,2.0,18.51689910888672,145,0.9982500076293945,Kulkarni,0.953000009059906,0.010999999940395355,16.234600067138672,-999.0,-1,16.3439998626709,16.239299774169922,2458154.75,-999.0,1.381111244437586e+17,736,0.2879999876022339,2458490.75,0.6178293228149414,15,16.3439998626709,736214384640.0,0.5,20.320188522338867,16.0221004486084,2458046.0,-999.0,2458381.0,21.497400283813477,353.072998046875,17.853900909423828,0.09149999916553497,615,6,0.6775739192962646,112.8087387084961,0.8790000081062317,0.004999999888241291,8.313955307006836,0.9947919845581055,null,0,ztf_20190107214352_000615_zr_c07_o_q4_scimrefdiffimg.fits,3.9304792881011963,0.9639999866485596,20.318767547607422,27,17.836599349975586,1.3812113171755827e+17,25.098133087158203,0,1.7791889905929565,2458490.75,0.13835079967975616,353.072998046875,6.36830997467041,615120227,0.17241917550563812,21.508699417114258,18.309799194335938,,,,,,,,,,,,,,,,,,,,,,,,,,,,,,,,,,
ZTF17aacjxza,972488832715015001,58726.48828125,1,19.3270206451416,16.808629989624023,19.21150016784668,16.796710968017578,0.20944930613040924,0.023695548996329308,0.1859000027179718,0.02321077510714531,112.80870056152344,25.097829818725586,0.7528571486473083,1,0.994685709476471,1.5613490343093872,95,-0.11552000045776367,0.013000000268220901,2711.109375,3,1,-1000.0,-999.0,16.863100051879883,1.381111244437586e+17,1.3623977899551392,1.0239958763122559,17.96820068359375,2.0,19.077600479125977,284,0.9982500076293945,Kulkarni,0.8539999723434448,0.013000000268220901,16.234600067138672,-999.0,1,16.92099952697754,16.239299774169922,2458166.75,-999.0,1.381111244437586e+17,972,0.6629999876022339,2458727.0,0.4701062738895416,15,16.92099952697754,972488835072.0,0.5,19.835533142089844,16.0221004486084,2458046.0,-999.0,2458439.0,21.497400283813477,210.2541961669922,17.853900909423828,0.20720000565052032,615,5,0.6404717564582825,112.8087387084961,0.734000027179718,-0.03400000184774399,8.589424133300781,0.9947919845581055,null,0,ztf_20190831488831_000615_zg_c07_o_q4_scimrefdiffimg.fits,1.2489229440689087,1.0,21.070138931274414,27,17.836599349975586,1.3812113171755827e+17,25.098115921020508,0,0.6240335702896118,2458727.0,-0.34460359811782837,210.2541961669922,5.640715599060059,615120127,0.9823639392852783,21.508699417114258,18.309799194335938,,,,,,,,,,,,,,,,,,,,,,,,,,,,,,,,,,
ZTF17aacjxza,1066238622715010002,58820.23828125,1,18.77509880065918,16.740114212036133,18.753599166870117,16.736785888671875,0.20083093643188477,0.03272611275315285,0.24699999392032623,0.040076326578855515,112.80876922607422,25.09811019897461,0.8999999761581421,1,0.9682842493057251,1.3345378637313843,241,-0.02149900048971176,0.013000000268220901,2648.691162109375,5,2,-1000.0,-999.0,16.863100051879883,1.381111244437586e+17,1.1471999883651733,0.08963923156261444,17.96820068359375,2.0,18.559099197387695,766,0.9982500076293945,Kulkarni,0.8999999761581421,0.013000000268220901,16.234600067138672,-999.0,-1,16.92099952697754,16.239299774169922,2458166.75,-999.0,1.381111244437586e+17,1066,0.6629999876022339,2458820.75,0.4683269262313843,15,16.92099952697754,1066238607360.0,0.5,19.191688537597656,16.0221004486084,2458046.0,-999.0,2458439.0,21.497400283813477,277.58709716796875,17.853900909423828,0.2639999985694885,615,6,0.5372646450996399,112.8087387084961,0.625,-0.03400000184774399,8.503827095031738,0.9947919845581055,null,0,ztf_20191203238611_000615_zg_c07_o_q4_scimrefdiffimg.fits,1.690299153327942,0.7170000076293945,20.33004379272461,27,17.836599349975586,1.3812113171755827e+17,25.098115921020508,0,0.438088595867157,2458820.75,0.1309618055820465,277.58709716796875,9.852598190307617,615120127,0.09446364641189575,21.508699417114258,18.309799194335938,,,,,,,,,,,,,,,,,,,,,,,,,,,,,,,,,,
ZTF17aacjxza,1030485212715010004,58784.484375,1,19.10396385192871,16.78455352783203,19.13479995727539,16.788148880004883,0.18849904835224152,0.02503982186317444,0.12890000641345978,0.018780328333377838,112.80879211425781,25.098087310791016,0.6514285802841187,1,1.0,2.273608446121216,157,0.03083699941635132,0.013000000268220901,2691.97900390625,0,4,-1000.0,-999.0,16.863100051879883,1.381111244437586e+17,1.0379838943481445,0.19984401762485504,17.96820068359375,2.0,19.15570068359375,498,0.9982500076293945,Kulkarni,0.5559999942779541,0.013000000268220901,16.234600067138672,-999.0,-1,16.92099952697754,16.239299774169922,2458166.75,-999.0,1.381111244437586e+17,1030,0.6629999876022339,2458785.0,0.6021265387535095,15,16.92099952697754,1030485180416.0,0.5,19.761760711669922,16.0221004486084,2458046.0,-999.0,2458439.0,21.497400283813477,271.3493957519531,17.853900909423828,0.16500000655651093,615,6,0.6249976754188538,112.8087387084961,1.36899995803833,-0.03400000184774399,8.606765747070312,0.9947919845581055,null,0,ztf_20191028485208_000615_zg_c07_o_q4_scimrefdiffimg.fits,1.235013484954834,1.4210000038146973,20.44441032409668,27,17.836599349975586,1.3812113171755827e+17,25.098115921020508,0,0.6269598007202148,2458785.0,0.664691686630249,271.3493957519531,9.620000839233398,615120127,0.18035799264907837,21.508699417114258,18.309799194335938,,,,,,,,,,,,,,,,,,,,,,,,,,,,,,,,,,
ZTF17aacjxza,1044434512715010001,58798.43359375,2,18.269166946411133,16.173723220825195,18.072999954223633,16.142953872680664,0.0883897989988327,0.015906909480690956,0.0940999984741211,0.018345661461353302,112.8086929321289,25.098115921020508,0.9485714435577393,1,0.9984294176101685,1.335720419883728,237,-0.1961670070886612,0.010999999940395355,2694.549560546875,3,1,-1000.0,-999.0,16.863100051879883,1.381111244437586e+17,1.0422885417938232,0.1578257977962494,17.96820068359375,2.0,18.05579948425293,751,0.9982500076293945,Kulkarni,0.6679999828338623,0.010999999940395355,16.234600067138672,-999.0,-1,16.3439998626709,16.239299774169922,2458154.75,-999.0,1.381111244437586e+17,1044,0.2879999876022339,2458799.0,0.601922333240509,15,16.3439998626709,1044434518016.0,0.5,19.571022033691406,16.0221004486084,2458046.0,-999.0,2458381.0,21.497400283813477,270.3912048339844,17.853900909423828,0.11800000071525574,615,6,0.6273767948150635,112.8087387084961,0.8040000200271606,0.004999999888241291,8.262913703918457,0.9947919845581055,null,0,ztf_20191111434514_000615_zr_c07_o_q4_scimrefdiffimg.fits,4.42589807510376,0.8379999995231628,20.1820011138916,27,17.836599349975586,1.3812113171755827e+17,25.098133087158203,0,1.4980229139328003,2458799.0,-0.6916816830635071,270.3912048339844,15.903411865234375,615120227,0.16426855325698853,21.508699417114258,18.309799194335938,,,,,,,,,,,,,,,,,,,,,,,,,,,,,,,,,,
ZTF17aacjxza,726435622715010005,58480.4375,2,19.12742042541504,16.26343536376953,18.881099700927734,16.243839263916016,0.14257743954658508,0.014432020485401154,0.12409999966621399,0.01483963057398796,112.80858612060547,25.0980167388916,0.6800000071525574,1,1.0,1.4888807535171509,35,-0.24632099270820618,0.010999999940395355,2614.683349609375,0,5,-1000.0,-999.0,16.863100051879883,1.381111244437586e+17,1.1110048294067383,0.6385135650634766,17.96820068359375,2.0,18.874099731445312,140,0.9982500076293945,Kulkarni,0.703000009059906,0.010999999940395355,16.234600067138672,-999.0,-1,16.3439998626709,16.239299774169922,2458154.75,-999.0,1.381111244437586e+17,726,0.2879999876022339,2458481.0,0.701869547367096,15,16.3439998626709,726435627008.0,0.5,20.02248191833496,16.0221004486084,2458046.0,-999.0,2458381.0,21.497400283813477,371.7073974609375,17.853900909423828,0.15440000593662262,615,6,0.779780387878418,112.8087387084961,1.0449999570846558,0.004999999888241291,8.019137382507324,0.9947919845581055,null,0,ztf_20181228435590_000615_zr_c07_o_q4_scimrefdiffimg.fits,2.1940999031066895,1.1610000133514404,20.299657821655273,27,17.836599349975586,1.3812113171755827e+17,25.098133087158203,0,1.1413826942443848,2458481.0,0.12915709614753723,371.7073974609375,8.376253128051758,615120227,0.5869401693344116,21.508699417114258,18.309799194335938,,,,,,,,,,,,,,,,,,,,,,,,,,,,,,,,,,
ZTF17aacjxza,768181702715010003,58522.18359375,1,18.61239242553711,16.713504791259766,18.875900268554688,16.754987716674805,0.11926673352718353,0.02336176298558712,0.07989999651908875,0.015900127589702606,112.80875396728516,25.09808921813965,0.6399999856948853,1,1.0,2.180000066757202,48,0.26350799202919006,0.013000000268220901,2607.828125,1,3,-1000.0,-999.0,16.863100051879883,1.381111244437586e+17,1.1136738061904907,0.10899364203214645,17.96820068359375,1.230841875076294,18.756099700927734,160,0.9982500076293945,Kulkarni,0.984000027179718,0.013000000268220901,16.234600067138672,-999.0,-1,16.92099952697754,16.239299774169922,2458166.75,-999.0,1.381111244437586e+17,768,0.6629999876022339,2458522.75,0.27844035625457764,15,16.92099952697754,768181731328.0,0.5,20.65833854675293,16.0221004486084,2458046.0,-999.0,2458439.0,21.497400283813477,364.5625915527344,17.853900909423828,0.08879999816417694,615,6,0.3100917339324951,112.8087387084961,0.6069999933242798,-0.03400000184774399,8.4796142578125,0.9947919845581055,null,0,ztf_20190208181701_000615_zg_c07_o_q4_scimrefdiffimg.fits,5.54681921005249,0.6759999990463257,20.37049674987793,27,17.836599349975586,1.3812113171755827e+17,25.098115921020508,0,1.782438039779663,2458522.75,0.06842373311519623,364.5625915527344,21.716684341430664,615120127,0.06109514832496643,21.508699417114258,18.309799194335938,,,,,,,,,,,,,,,,,,,,,,,,,,,,,,,,,,
ZTF17aacjxza,1027476492715010007,58781.4765625,1,18.58622932434082,16.708908081054688,18.635400772094727,16.717472076416016,0.10787195712327957,0.02192595973610878,0.07609999924898148,0.016892967745661736,112.80889129638672,25.09809112548828,0.8857142925262451,1,1.0,3.8399999141693115,153,0.04916999861598015,0.013000000268220901,2701.425048828125,0,7,-1000.0,-999.0,16.863100051879883,1.381111244437586e+17,1.0307414531707764,0.4808492362499237,17.96820068359375,0.9447653889656067,18.558900833129883,494,0.9982500076293945,Kulkarni,0.9800000190734863,0.013000000268220901,16.234600067138672,-999.0,-1,16.92099952697754,16.239299774169922,2458166.75,-999.0,1.381111244437586e+17,1027,0.6629999876022339,2458782.0,0.2880208194255829,15,16.92099952697754,1027476488192.0,0.5,20.088787078857422,16.0221004486084,2458046.0,-999.0,2458439.0,21.497400283813477,269.96551513671875,17.853900909423828,0.08869999647140503,615,6,0.296875,112.8087387084961,1.1059999465942383,-0.03400000184774399,8.901677131652832,0.9947919845581055,null,0,ztf_20191025476493_000615_zg_c07_o_q4_scimrefdiffimg.fits,1.6655713319778442,1.1399999856948853,20.603336334228516,27,17.836599349975586,1.3812113171755827e+17,25.098115921020508,0,1.453387975692749,2458782.0,0.4009031057357788,269.96551513671875,13.719819068908691,615120127,0.4818628430366516,21.508699417114258,18.309799194335938,,,,,,,,,,,,,,,,,,,,,,,,,,,,,,,,,,
ZTF17aacjxza,757172512715010005,58511.171875,1,18.60304832458496,16.71187400817871,18.776199340820312,16.74028205871582,0.11046925187110901,0.02212575078010559,0.08479999750852585,0.01703566126525402,112.80878448486328,25.09807777404785,0.6142857074737549,1,1.0,3.4200000762939453,47,0.17315199971199036,0.013000000268220901,2641.242919921875,0,5,-1000.0,-999.0,16.863100051879883,1.381111244437586e+17,1.0882028341293335,0.2022504210472107,17.96820068359375,1.0150078535079956,18.719900131225586,159,0.9982500076293945,Kulkarni,0.9789999723434448,0.013000000268220901,16.234600067138672,-999.0,-1,16.92099952697754,16.239299774169922,2458166.75,-999.0,1.381111244437586e+17,757,0.6629999876022339,2458511.75,0.26520466804504395,15,16.92099952697754,757172535296.0,0.5,20.174297332763672,16.0221004486084,2458046.0,-999.0,2458439.0,21.497400283813477,338.2565002441406,17.853900909423828,0.1005999967455864,615,6,0.2885964810848236,112.8087387084961,0.9070000052452087,-0.03400000184774399,8.584634780883789,0.9947919845581055,null,0,ztf_20190128172512_000615_zg_c07_o_q4_scimrefdiffimg.fits,2.045484781265259,0.9869999885559082,20.457630157470703,27,17.836599349975586,1.3812113171755827e+17,25.098115921020508,0,1.3980975151062012,2458511.75,0.6305462718009949,338.2565002441406,18.752878189086914,615120127,0.16460278630256653,21.508699417114258,18.309799194335938,,,,,,,,,,,,,,,,,,,,,,,,,,,,,,,,,,
ZTF17aacjxza,985471652715015001,58739.47265625,2,18.5152645111084,16.206165313720703,18.465200424194336,16.2000732421875,0.14657293260097504,0.019980963319540024,0.1615000069141388,0.022244922816753387,112.80865478515625,25.098005294799805,0.5757142901420593,1,0.9445779323577881,1.1639115810394287,102,-0.05006499961018562,0.010999999940395355,2698.9208984375,8,1,-1000.0,-999.0,16.863100051879883,1.381111244437586e+17,1.3692810535430908,0.5419827699661255,17.96820068359375,2.0,18.310100555419922,290,0.9982500076293945,Kulkarni,0.9959999918937683,0.010999999940395355,16.234600067138672,-999.0,1,16.3439998626709,16.239299774169922,2458154.75,-999.0,1.381111244437586e+17,985,0.2879999876022339,2458740.0,0.262906551361084,15,16.3439998626709,985471647744.0,0.5,19.525562286376953,16.0221004486084,2458046.0,-999.0,2458381.0,21.497400283813477,231.97560119628906,17.853900909423828,0.17820000648498535,615,6,0.35999298095703125,112.8087387084961,0.3059999942779541,0.004999999888241291,8.229719161987305,0.9947919845581055,null,0,ztf_20190913471655_000615_zr_c07_o_q4_scimrefdiffimg.fits,9.089277267456055,0.4189999997615814,20.440603256225586,27,17.836599349975586,1.3812113171755827e+17,25.098133087158203,0,1.060362458229065,2458740.0,0.47015678882598877,231.97560119628906,9.899666786193848,615120227,0.4496915638446808,21.508699417114258,18.309799194335938,,,,,,,,,,,,,,,,,,,,,,,,,,,,,,,,,,
ZTF17aacjxza,682344152715010009,58436.34375,2,18.59804344177246,16.215709686279297,18.56220054626465,16.211654663085938,0.12995265424251556,0.01747235469520092,0.12150000035762787,0.01700679585337639,112.80868530273438,25.098142623901367,0.596666693687439,1,1.0,2.3499999046325684,4,-0.03584299981594086,0.010999999940395355,2620.20361328125,0,9,-1000.0,-999.0,16.863100051879883,1.381111244437586e+17,1.1610968112945557,0.16005226969718933,17.96820068359375,1.6344622373580933,18.55030059814453,113,0.9982500076293945,Kulkarni,0.828000009059906,0.010999999940395355,16.234600067138672,-999.0,-1,16.3439998626709,16.239299774169922,2458154.75,-999.0,1.381111244437586e+17,682,0.2879999876022339,2458436.75,0.49659574031829834,15,16.3439998626709,682344120320.0,0.5,19.423547744750977,16.0221004486084,2458398.0,-999.0,2458381.0,21.497400283813477,335.3918151855469,17.853900909423828,0.15150000154972076,615,6,0.5765957236289978,112.8087387084961,1.1670000553131104,0.004999999888241291,8.22385311126709,0.9947919845581055,null,0,ztf_20181114344144_000615_zr_c07_o_q4_scimrefdiffimg.fits,1.3255164623260498,1.3550000190734863,20.09054183959961,27,17.836599349975586,1.3812113171755827e+17,25.098133087158203,0,0.8613473773002625,2458436.75,0.7349007725715637,335.3918151855469,8.585344314575195,615120227,0.22941870987415314,21.508699417114258,18.309799194335938,,,,,,,,,,,,,,,,,,,,,,,,,,,,,,,,,,
ZTF17aacjxza,1027494212715010004,58781.49609375,2,18.968671798706055,16.251277923583984,19.3927001953125,16.280399322509766,0.20472201704978943,0.019565612077713013,0.22750000655651093,0.016588076949119568,112.80855560302734,25.09835433959961,0.5571428537368774,1,0.9877050518989563,1.9835829734802246,140,0.4240280091762543,0.010999999940395355,2684.9990234375,5,4,-1000.0,-999.0,16.863100051879883,1.381111244437586e+17,1.276119351387024,0.9691092371940613,17.96820068359375,2.0,19.279699325561523,495,0.9982500076293945,Kulkarni,0.5569999814033508,0.010999999940395355,16.234600067138672,-999.0,-1,16.3439998626709,16.239299774169922,2458154.75,-999.0,1.381111244437586e+17,1027,0.2879999876022339,2458782.0,0.3377726078033447,15,16.3439998626709,1027494182912.0,0.5,19.53888511657715,16.0221004486084,2458046.0,-999.0,2458381.0,21.497400283813477,271.49920654296875,17.853900909423828,0.2581999897956848,615,6,0.43103817105293274,112.8087387084961,0.6700000166893005,0.004999999888241291,7.664931297302246,0.9947919845581055,null,0,ztf_20191025493854_000615_zr_c07_o_q4_scimrefdiffimg.fits,1.5765217542648315,0.8550000190734863,19.21590232849121,27,17.836599349975586,1.3812113171755827e+17,25.098133087158203,0,0.14618515968322754,2458782.0,0.3819471001625061,271.49920654296875,5.84659481048584,615120227,1.0952823162078857,21.508699417114258,18.309799194335938,,,,,,,,,,,,,,,,,,,,,,,,,,,,,,,,,,
ZTF17aacjxza,756289212715015005,58510.2890625,2,19.065000534057617,16.25885009765625,19.094999313354492,16.261083602905273,0.1300346702337265,0.014129390008747578,0.19629999995231628,0.01766834408044815,112.80874633789062,25.098024368286133,0.6471428275108337,1,1.0,1.4867583513259888,45,0.029999999329447746,0.010999999940395355,2652.156494140625,2,5,-1000.0,-999.0,16.863100051879883,1.381111244437586e+17,1.135546326637268,0.41107797622680664,17.96820068359375,2.0,19.140199661254883,157,0.9982500076293945,Kulkarni,0.7350000143051147,0.010999999940395355,16.234600067138672,-999.0,1,16.3439998626709,16.239299774169922,2458154.75,-999.0,1.381111244437586e+17,756,0.2879999876022339,2458510.75,0.48629289865493774,15,16.3439998626709,756289241088.0,0.5,19.727310180664062,16.0221004486084,2458046.0,-999.0,2458381.0,21.497400283813477,345.7654113769531,17.853900909423828,0.25679999589920044,615,6,0.5522081255912781,112.8087387084961,0.7229999899864197,0.004999999888241291,8.510586738586426,0.9947919845581055,null,0,ztf_20190127289201_000615_zr_c07_o_q4_scimrefdiffimg.fits,1.5491468906402588,0.8209999799728394,20.549745559692383,27,17.836599349975586,1.3812113171755827e+17,25.098133087158203,0,0.6323108077049255,2458510.75,0.3023025095462799,345.7654113769531,6.175395965576172,615120227,0.27368003129959106,21.508699417114258,18.309799194335938,,,,,,,,,,,,,,,,,,,,,,,,,,,,,,,,,,
ZTF17aacjxza,830193332715010005,58584.19140625,1,19.088287353515625,16.782690048217773,19.330299377441406,16.80895233154297,0.18230532109737396,0.02462635189294815,0.20419999957084656,0.023203030228614807,112.80863952636719,25.097986221313477,0.5899999737739563,1,0.9946704506874084,2.01751971244812,55,0.24201199412345886,0.013000000268220901,2652.66455078125,3,5,-1000.0,-999.0,16.863100051879883,1.381111244437586e+17,1.122605323791504,0.5641151666641235,17.96820068359375,2.0,19.582399368286133,179,0.9982500076293945,Kulkarni,0.7110000252723694,0.013000000268220901,16.234600067138672,-999.0,-1,16.92099952697754,16.239299774169922,2458166.75,-999.0,1.381111244437586e+17,830,0.6629999876022339,2458584.75,0.5174670219421387,15,16.92099952697754,830193336320.0,0.5,19.55205726623535,16.0221004486084,2458046.0,-999.0,2458439.0,21.497400283813477,343.62109375,17.853900909423828,0.32659998536109924,615,6,0.5809112787246704,112.8087387084961,1.0440000295639038,-0.03400000184774399,8.217805862426758,0.9947919845581055,null,0,ztf_20190411193333_000615_zg_c07_o_q4_scimrefdiffimg.fits,1.407555341720581,1.1720000505447388,20.484479904174805,27,17.836599349975586,1.3812113171755827e+17,25.098115921020508,0,0.22175729274749756,2458584.75,0.9266806840896606,343.62109375,9.553154945373535,615120127,0.5273725986480713,21.508699417114258,18.309799194335938,,,,,,,,,,,,,,,,,,,,,,,,,,,,,,,,,,
ZTF17aacjxza,1004494372715010003,58758.49609375,1,19.22001838684082,16.797630310058594,19.27899932861328,16.803813934326172,0.12440064549446106,0.01769702322781086,0.1331000030040741,0.017934028059244156,112.80875396728516,25.098140716552734,0.927142858505249,1,0.986802339553833,3.130000114440918,105,0.0589819997549057,0.013000000268220901,2697.428955078125,5,3,-1000.0,-999.0,16.863100051879883,1.381111244437586e+17,1.2008546590805054,0.0936688631772995,17.96820068359375,0.872912585735321,19.132400512695312,303,0.9982500076293945,Kulkarni,0.8500000238418579,0.013000000268220901,16.234600067138672,-999.0,-1,16.92099952697754,16.239299774169922,2458166.75,-999.0,1.381111244437586e+17,1004,0.6629999876022339,2458759.0,0.22428114712238312,15,16.92099952697754,1004494389248.0,0.5,20.44695472717285,16.0221004486084,2458046.0,-999.0,2458439.0,21.497400283813477,282.24591064453125,17.853900909423828,0.1454000025987625,615,6,0.2693290710449219,112.8087387084961,0.7020000219345093,-0.03400000184774399,8.441986083984375,0.9947919845581055,null,0,ztf_20191002494375_000615_zg_c07_o_q4_scimrefdiffimg.fits,2.498704195022583,0.8429999947547913,20.218671798706055,27,17.836599349975586,1.3812113171755827e+17,25.098115921020508,0,1.1679542064666748,2458759.0,0.049533259123563766,282.24591064453125,10.914870262145996,615120127,0.15072126686573029,21.508699417114258,18.309799194335938,,,,,,,,,,,,,,,,,,,,,,,,,,,,,,,,,,
ZTF17aacjxza,710295242715010007,58464.296875,2,18.362972259521484,16.186845779418945,18.365699768066406,16.187213897705078,0.10054747015237808,0.016558166593313217,0.06679999828338623,0.013089196756482124,112.80884552001953,25.09815788269043,0.7133333086967468,1,1.0,2.9100000858306885,31,0.0027280000504106283,0.010999999940395355,2619.15771484375,0,7,-1000.0,-999.0,16.863100051879883,1.381111244437586e+17,1.1883316040039062,0.35631251335144043,17.96820068359375,1.1463475227355957,18.434600830078125,131,0.9982500076293945,Kulkarni,0.7409999966621399,0.010999999940395355,16.234600067138672,-999.0,-1,16.3439998626709,16.239299774169922,2458154.75,-999.0,1.381111244437586e+17,710,0.2879999876022339,2458464.75,0.3357388377189636,15,16.3439998626709,710295224320.0,0.5,20.090730667114258,16.0221004486084,2458046.0,-999.0,2458381.0,21.497400283813477,343.8377990722656,17.853900909423828,0.08820000290870667,615,6,0.3989690840244293,112.8087387084961,0.9769999980926514,0.004999999888241291,8.709637641906738,0.9947919845581055,null,0,ztf_20181212295232_000615_zr_c07_o_q4_scimrefdiffimg.fits,2.2174324989318848,1.1610000133514404,20.32659339904785,27,17.836599349975586,1.3812113171755827e+17,25.098133087158203,0,1.7250310182571411,2458464.75,0.19173580408096313,343.8377990722656,6.389340400695801,615120227,0.3933311104774475,21.508699417114258,18.309799194335938,,,,,,,,,,,,,,,,,,,,,,,,,,,,,,,,,,
ZTF17aacjxza,1036528632715015003,58790.52734375,1,19.480892181396484,16.82282829284668,19.408199310302734,16.816347122192383,0.1429278403520584,0.01713833212852478,0.14069999754428864,0.017507685348391533,112.80873107910156,25.0980167388916,0.8871428370475769,1,0.9535331130027771,1.292466163635254,177,-0.07269199937582016,0.013000000268220901,2699.763916015625,8,3,-1000.0,-999.0,16.863100051879883,1.381111244437586e+17,1.246688723564148,0.35861560702323914,17.96820068359375,2.0,19.475799560546875,522,0.9982500076293945,Kulkarni,0.8339999914169312,0.013000000268220901,16.234600067138672,-999.0,1,16.92099952697754,16.239299774169922,2458166.75,-999.0,1.381111244437586e+17,1036,0.6629999876022339,2458791.0,0.4673236310482025,15,16.92099952697754,1036528648192.0,0.5,20.61045265197754,16.0221004486084,2458046.0,-999.0,2458439.0,21.497400283813477,285.0534973144531,17.853900909423828,0.18549999594688416,615,6,0.5826071500778198,112.8087387084961,0.6039999723434448,-0.03400000184774399,8.471508026123047,0.9947919845581055,null,0,ztf_20191103528611_000615_zg_c07_o_q4_scimrefdiffimg.fits,2.710867404937744,0.753000020980835,20.545839309692383,27,17.836599349975586,1.3812113171755827e+17,25.098115921020508,0,1.20225191116333,2458791.0,0.04578962177038193,285.0534973144531,5.824252605438232,615120127,0.300581693649292,21.508699417114258,18.309799194335938,,,,,,,,,,,,,,,,,,,,,,,,,,,,,,,,,,
ZTF17aacjxza,754203932715010006,58508.203125,1,18.366113662719727,16.66644859313965,18.51420021057129,16.695772171020508,0.10595744848251343,0.02441556565463543,0.06310000270605087,0.015853997319936752,112.80873107910156,25.09807777404785,0.6257143020629883,1,1.0,3.049999952316284,42,0.14808699488639832,0.013000000268220901,2641.605712890625,1,6,-1000.0,-999.0,16.863100051879883,1.381111244437586e+17,1.0366132259368896,0.14185135066509247,17.96820068359375,1.0583966970443726,18.486000061035156,153,0.9982500076293945,Kulkarni,0.9819999933242798,0.013000000268220901,16.234600067138672,-999.0,-1,16.92099952697754,16.239299774169922,2458166.75,-999.0,1.381111244437586e+17,754,0.6629999876022339,2458508.75,0.2865573763847351,15,16.92099952697754,754203951104.0,0.5,20.31939125061035,16.0221004486084,2458046.0,-999.0,2458439.0,21.497400283813477,345.53131103515625,17.853900909423828,0.07670000195503235,615,6,0.2970491945743561,112.8087387084961,0.8740000128746033,-0.03400000184774399,8.419944763183594,0.9947919845581055,null,0,ztf_20190125203935_000615_zg_c07_o_q4_scimrefdiffimg.fits,5.363304138183594,0.906000018119812,20.364580154418945,27,17.836599349975586,1.3812113171755827e+17,25.098115921020508,0,1.805190920829773,2458508.75,0.32974350452423096,345.53131103515625,30.886293411254883,615120127,0.08508298546075821,21.508699417114258,18.309799194335938,,,,,,,,,,,,,,,,,,,,,,,,,,,,,,,,,,
ZTF17aacjxza,854174762715010000,58608.17578125,1,18.633499145507812,16.717147827148438,18.661399841308594,16.721872329711914,0.10393770039081573,0.020800450816750526,0.0957999974489212,0.01935986615717411,112.80874633789062,25.09813690185547,0.7485714554786682,1,1.0,2.069999933242798,61,0.027900999411940575,0.013000000268220901,2654.2265625,1,0,-1000.0,-999.0,16.863100051879883,1.381111244437586e+17,1.0555555820465088,0.07366730272769928,17.96820068359375,1.2985211610794067,18.57819938659668,198,0.9982500076293945,Kulkarni,0.9789999723434448,0.013000000268220901,16.234600067138672,-999.0,-1,16.92099952697754,16.239299774169922,2458166.75,-999.0,1.381111244437586e+17,854,0.6629999876022339,2458608.75,0.321739137172699,15,16.92099952697754,854174793728.0,0.5,20.1693172454834,16.0221004486084,2458046.0,-999.0,2458439.0,21.497400283813477,241.1865997314453,17.853900909423828,0.1120000034570694,615,6,0.33961352705955505,112.8087387084961,0.6660000085830688,-0.03400000184774399,8.410652160644531,0.9947919845581055,null,0,ztf_20190505174757_000615_zg_c07_o_q4_scimrefdiffimg.fits,2.2770185470581055,0.703000009059906,20.207916259765625,27,17.836599349975586,1.3812113171755827e+17,25.098115921020508,0,1.5079164505004883,2458608.75,-0.24361149966716766,241.1865997314453,12.792298316955566,615120127,0.13372310996055603,21.508699417114258,18.309799194335938,,,,,,,,,,,,,,,,,,,,,,,,,,,,,,,,,,
ZTF17aacjxza,1082455652715015003,58836.45703125,2,18.46208953857422,16.19968605041504,18.47170066833496,16.200878143310547,0.0960845947265625,0.015354825183749199,0.0794999971985817,0.013760745525360107,112.80872344970703,25.098012924194336,0.7428571581840515,1,1.0,1.9900000095367432,256,0.009611000306904316,0.010999999940395355,2680.751953125,3,3,-1000.0,-999.0,16.863100051879883,1.381111244437586e+17,1.0433839559555054,0.44041717052459717,17.96820068359375,1.2590601444244385,18.461000442504883,803,0.9982500076293945,Kulkarni,0.8769999742507935,0.010999999940395355,16.234600067138672,-999.0,1,16.3439998626709,16.239299774169922,2458154.75,-999.0,1.381111244437586e+17,1082,0.2879999876022339,2458837.0,0.23165829479694366,15,16.3439998626709,1082455621632.0,0.5,20.31926918029785,16.0221004486084,2458046.0,-999.0,2458381.0,21.497400283813477,317.8817138671875,17.853900909423828,0.09769999980926514,615,6,0.24170854687690735,112.8087387084961,0.460999995470047,0.004999999888241291,8.439541816711426,0.9947919845581055,null,0,ztf_20191219455648_000615_zr_c07_o_q4_scimrefdiffimg.fits,11.48725414276123,0.48100000619888306,20.541208267211914,27,17.836599349975586,1.3812113171755827e+17,25.098133087158203,0,1.8475698232650757,2458837.0,2.3804259300231934,317.8817138671875,19.482933044433594,615120227,0.3254770040512085,21.508699417114258,18.309799194335938,,,,,,,,,,,,,,,,,,,,,,,,,,,,,,,,,,
ZTF17aacjxza,1033514972715015004,58787.515625,2,18.965190887451172,16.250993728637695,19.097200393676758,16.261245727539062,0.1648120880126953,0.0168825201690197,0.15860000252723694,0.015471327118575573,112.80880737304688,25.098041534423828,0.8857142925262451,1,0.9384535551071167,1.4899407625198364,167,0.13200999796390533,0.010999999940395355,2665.402099609375,5,4,-1000.0,-999.0,16.863100051879883,1.381111244437586e+17,1.2667983770370483,0.4151517450809479,17.96820068359375,2.0,19.223499298095703,510,0.9982500076293945,Kulkarni,0.972000002861023,0.010999999940395355,16.234600067138672,-999.0,1,16.3439998626709,16.239299774169922,2458154.75,-999.0,1.381111244437586e+17,1033,0.2879999876022339,2458788.0,0.3396108150482178,15,16.3439998626709,1033514975232.0,0.5,19.977371215820312,16.0221004486084,2458046.0,-999.0,2458381.0,21.497400283813477,287.9234924316406,17.853900909423828,0.2223999947309494,615,6,0.4302184283733368,112.8087387084961,0.5059999823570251,0.004999999888241291,8.697245597839355,0.9947919845581055,null,0,ztf_20191031514884_000615_zr_c07_o_q4_scimrefdiffimg.fits,1.9280999898910522,0.640999972820282,20.614118576049805,27,17.836599349975586,1.3812113171755827e+17,25.098133087158203,0,0.8801718354225159,2458788.0,0.3370561897754669,287.9234924316406,8.035197257995605,615120227,0.31127506494522095,21.508699417114258,18.309799194335938,,,,,,,,,,,,,,,,,,,,,,,,,,,,,,,,,,
ZTF17aacjxza,1079378432715010004,58833.37890625,2,18.775602340698242,16.234119415283203,18.759199142456055,16.232528686523438,0.1214972734451294,0.015348752029240131,0.16529999673366547,0.01893887110054493,112.80868530273438,25.098142623901367,0.927142858505249,1,1.0,1.5794464349746704,250,-0.01640300080180168,0.010999999940395355,2695.500732421875,1,4,-1000.0,-999.0,16.863100051879883,1.381111244437586e+17,1.0618672370910645,0.15902069211006165,17.96820068359375,2.0,18.55620002746582,789,0.9982500076293945,Kulkarni,0.9110000133514404,0.010999999940395355,16.234600067138672,-999.0,-1,16.3439998626709,16.239299774169922,2458154.75,-999.0,1.381111244437586e+17,1079,0.2879999876022339,2458834.0,0.5628554224967957,15,16.3439998626709,1079378444288.0,0.5,19.46497344970703,16.0221004486084,2458046.0,-999.0,2458381.0,21.497400283813477,278.093994140625,17.853900909423828,0.17440000176429749,615,6,0.5976777672767639,112.8087387084961,0.8889999985694885,0.004999999888241291,8.2236909866333,0.9947919845581055,null,0,ztf_20191216378426_000615_zr_c07_o_q4_scimrefdiffimg.fits,1.403860092163086,0.9440000057220459,20.091999053955078,27,17.836599349975586,1.3812113171755827e+17,25.098133087158203,0,0.7057737708091736,2458834.0,-0.5677021145820618,278.093994140625,7.228341102600098,615120227,0.2285020649433136,21.508699417114258,18.309799194335938,,,,,,,,,,,,,,,,,,,,,,,,,,,,,,,,,,
ZTF17aacjxza,681504592715010007,58435.50390625,2,18.246383666992188,16.170385360717773,18.558399200439453,16.211217880249023,0.09835581481456757,0.017295466735959053,0.08169999718666077,0.013534997589886189,112.80866241455078,25.097946166992188,0.7133333086967468,1,1.0,4.199999809265137,4,0.31201601028442383,0.010999999940395355,2626.159423828125,0,7,-1000.0,-999.0,16.863100051879883,1.381111244437586e+17,1.0525437593460083,0.6934288740158081,17.96820068359375,1.1422107219696045,18.494699478149414,112,0.9982500076293945,Kulkarni,0.7670000195503235,0.010999999940395355,16.234600067138672,-999.0,-1,16.3439998626709,16.239299774169922,2458154.75,-999.0,1.381111244437586e+17,681,0.2879999876022339,2458436.0,0.2854761779308319,15,16.3439998626709,681504604160.0,0.5,19.66215705871582,16.0221004486084,2458398.0,-999.0,2458381.0,21.497400283813477,368.0838928222656,17.853900909423828,0.0957999974489212,615,6,0.30047619342803955,112.8087387084961,1.1990000009536743,0.004999999888241291,8.334373474121094,0.9947919845581055,null,0,ztf_20181113504549_000615_zr_c07_o_q4_scimrefdiffimg.fits,2.0559401512145996,1.2619999647140503,20.64776039123535,27,17.836599349975586,1.3812113171755827e+17,25.098133087158203,0,1.1037569046020508,2458436.0,-0.25235259532928467,368.0838928222656,14.199125289916992,615120227,0.610890805721283,21.508699417114258,18.309799194335938,,,,,,,,,,,,,,,,,,,,,,,,,,,,,,,,,,
ZTF17aacjxza,1073302542715015002,58827.30078125,2,18.6790714263916,16.224445343017578,18.949199676513672,16.249671936035156,0.1764472872018814,0.020870069041848183,0.22519999742507935,0.021280692890286446,112.8087158203125,25.09807777404785,0.7799999713897705,1,0.9490222334861755,2.3499999046325684,243,0.2701280117034912,0.010999999940395355,2645.169677734375,5,2,-1000.0,-999.0,16.863100051879883,1.381111244437586e+17,1.3084577322006226,0.20431572198867798,17.96820068359375,1.1577166318893433,18.98390007019043,774,0.9982500076293945,Kulkarni,0.671999990940094,0.010999999940395355,16.234600067138672,-999.0,1,16.3439998626709,16.239299774169922,2458154.75,-999.0,1.381111244437586e+17,1073,0.2879999876022339,2458827.75,0.17106382548809052,15,16.3439998626709,1073302536192.0,0.5,19.481319427490234,16.0221004486084,2458046.0,-999.0,2458381.0,21.497400283813477,262.97540283203125,17.853900909423828,0.29600000381469727,615,6,0.22382979094982147,112.8087387084961,0.4020000100135803,0.004999999888241291,8.362716674804688,0.9947919845581055,null,0,ztf_20191210302396_000615_zr_c07_o_q4_scimrefdiffimg.fits,3.2820513248443604,0.5260000228881836,20.33076286315918,27,17.836599349975586,1.3812113171755827e+17,25.098133087158203,0,0.5321194529533386,2458827.75,0.69388347864151,262.97540283203125,5.590255260467529,615120227,0.11541809886693954,21.508699417114258,18.309799194335938,,,,,,,,,,,,,,,,,,,,,,,,,,,,,,,,,,
ZTF17aacjxza,1030517532715015003,58784.515625,2,19.0805721282959,16.26001739501953,19.069900512695312,16.259218215942383,0.17309629917144775,0.01642151176929474,0.1574999988079071,0.015603484585881233,112.8089370727539,25.09830093383789,0.6128571629524231,1,0.9738953113555908,2.147176742553711,151,-0.010672000236809254,0.010999999940395355,2666.16455078125,2,3,-1000.0,-999.0,16.863100051879883,1.381111244437586e+17,1.190762996673584,0.8802553415298462,17.96820068359375,2.0,19.127899169921875,499,0.9982500076293945,Kulkarni,0.3709999918937683,0.010999999940395355,16.234600067138672,-999.0,1,16.3439998626709,16.239299774169922,2458154.75,-999.0,1.381111244437586e+17,1030,0.2879999876022339,2458785.0,0.4638649523258209,15,16.3439998626709,1030517555200.0,0.5,19.5554256439209,16.0221004486084,2458046.0,-999.0,2458381.0,21.497400283813477,262.1390075683594,17.853900909423828,0.20749999582767487,615,6,0.5523532629013062,112.8087387084961,0.9959999918937683,0.004999999888241291,8.924751281738281,0.9947919845581055,null,0,ztf_20191028517477_000615_zr_c07_o_q4_scimrefdiffimg.fits,1.021468162536621,1.1859999895095825,20.08063316345215,27,17.836599349975586,1.3812113171755827e+17,25.098133087158203,0,0.48552560806274414,2458785.0,-0.397344708442688,262.1390075683594,5.676398754119873,615120227,0.9654561877250671,21.508699417114258,18.309799194335938,,,,,,,,,,,,,,,,,,,,,,,,,,,,,,,,,,
ZTF17aacjxza,693307762715010000,58447.30859375,2,18.415613174438477,16.19379234313965,18.455799102783203,16.198902130126953,0.13500481843948364,0.019900020211935043,0.18649999797344208,0.025237318128347397,112.80875396728516,25.098066329956055,0.653333306312561,1,0.983656108379364,2.5199999809265137,25,0.04018700122833252,0.010999999940395355,2620.19140625,4,0,-1000.0,-999.0,16.863100051879883,1.381111244437586e+17,1.03125,0.2407955676317215,17.96820068359375,1.273208737373352,18.491300582885742,123,0.9982500076293945,Kulkarni,0.6949999928474426,0.010999999940395355,16.234600067138672,-999.0,-1,16.3439998626709,16.239299774169922,2458154.75,-999.0,1.381111244437586e+17,693,0.2879999876022339,2458447.75,0.40634921193122864,15,16.3439998626709,693307768832.0,0.5,18.994966506958008,16.0221004486084,2458046.0,-999.0,2458381.0,21.497400283813477,349.2362060546875,17.853900909423828,0.24650000035762787,615,6,0.41904762387275696,112.8087387084961,1.0240000486373901,0.004999999888241291,8.49548053741455,0.9947919845581055,null,0,ztf_20181125307697_000615_zr_c07_o_q4_scimrefdiffimg.fits,1.1390365362167358,1.055999994277954,20.434309005737305,27,17.836599349975586,1.3812113171755827e+17,25.098133087158203,0,0.5391660332679749,2458447.75,2.311652898788452,349.2362060546875,7.265170574188232,615120227,0.12684394419193268,21.508699417114258,18.309799194335938,,,,,,,,,,,,,,,,,,,,,,,,,,,,,,,,,,
ZTF17aacjxza,806191582715015003,58560.19140625,1,19.4601993560791,16.82102394104004,19.4330997467041,16.818613052368164,0.2483839988708496,0.02485962212085724,0.35690000653266907,0.0342276468873024,112.80870819091797,25.098007202148438,0.6814290285110474,1,0.6953340172767639,1.4205000400543213,55,-0.027101000770926476,0.013000000268220901,2638.0,8,3,8.301933326583726e+17,,16.863100051879883,1.381111244437586e+17,1.2570899724960327,0.3936620056629181,17.96820068359375,2.0,19.100299835205078,179,0.9982500076293945,Kulkarni,0.9570000171661377,0.013000000268220901,16.234600067138672,-999.0,1,16.92099952697754,16.239299774169922,2458166.75,,1.381111244437586e+17,806,0.6629999876022339,2458584.75,0.372404009103775,15,16.92099952697754,806191562752.0,0.5,19.400299072265625,16.0221004486084,2458046.0,-999.0,2458439.0,21.497400283813477,341.1679992675781,17.853900909423828,0.3361000120639801,615,6,0.4681439995765686,112.8087387084961,0.5289999842643738,-0.03400000184774399,8.217805862426758,0.9947919845581055,,0,/ztf/archive/sci/2019/0318/191586/ztf_20190318191586_000615_zg_c07_o_q4_scimrefdiffimg.fits.fz,2.129699945449829,0.6650000214576721,20.484479904174805,27,17.836599349975586,1.3812113171755827e+17,25.098115921020508,0,-0.032763998955488205,2458560.75,0.9461039900779724,341.1679992675781,5.317200183868408,615120127,0.5273725986480713,21.508699417114258,18.309799194335938,,,,,,,,,,,,,,,,,,,,,,,,,,,,,,,,,,
ZTF17aacjxza,813173732715015007,58567.171875,1,19.672399520874023,16.83811378479004,20.018999099731445,16.860143661499023,0.20390500128269196,0.019227037206292152,0.2370000034570694,0.017831485718488693,112.80863952636719,25.098094940185547,0.6285709738731384,1,0.9287459850311279,2.3499999046325684,55,0.3466250002384186,0.013000000268220901,2647.3701171875,9,7,8.301933326583726e+17,,16.863100051879883,1.381111244437586e+17,1.1539599895477295,0.3403339982032776,17.96820068359375,1.2930400371551514,20.06439971923828,179,0.9982500076293945,Kulkarni,0.7549999952316284,0.013000000268220901,16.234600067138672,-999.0,1,16.92099952697754,16.239299774169922,2458166.75,,1.381111244437586e+17,813,0.6629999876022339,2458584.75,0.27914899587631226,15,16.92099952697754,813173702656.0,0.5,20.483299255371094,16.0221004486084,2458046.0,-999.0,2458439.0,21.497400283813477,346.67401123046875,17.853900909423828,0.3061000108718872,615,6,0.3221279978752136,112.8087387084961,0.656000018119812,-0.03400000184774399,8.217805862426758,0.9947919845581055,,0,/ztf/archive/sci/2019/0325/173738/ztf_20190325173738_000615_zg_c07_o_q4_scimrefdiffimg.fits.fz,2.9406299591064453,0.7570000290870667,20.484479904174805,27,17.836599349975586,1.3812113171755827e+17,25.098115921020508,0,0.4642559885978699,2458567.75,-0.007034999784082174,346.67401123046875,6.310540199279785,615120127,0.5273725986480713,21.508699417114258,18.309799194335938,,,,,,,,,,,,,,,,,,,,,,,,,,,,,,,,,,
ZTF17aacjxza,696456372715010000,58450.45703125,1,18.97130012512207,16.768014907836914,18.98150062561035,16.769350051879883,0.11949899792671204,0.01934315450489521,0.14259999990463257,0.021756993606686592,112.8087387084961,25.098142623901367,0.8166670203208923,1,0.9791859984397888,2.5199999809265137,29,0.010219000279903412,0.013000000268220901,2630.3701171875,4,0,7.014525469542318e+17,,16.863100051879883,1.381111244437586e+17,1.0376299619674683,0.08539800345897675,17.96820068359375,0.959646999835968,19.186199188232422,127,0.9982500076293945,Kulkarni,0.9980000257492065,0.013000000268220901,16.234600067138672,-999.0,-1,16.92099952697754,16.239299774169922,2458154.75,,1.381111244437586e+17,696,0.6629999876022339,2458456.0,0.2214290052652359,15,16.92099952697754,696456380416.0,0.5,20.150699615478516,16.0221004486084,2458046.0,-999.0,2458381.0,21.497400283813477,345.8940124511719,17.853900909423828,0.21860000491142273,615,6,0.229762002825737,112.8087387084961,0.5580000281333923,-0.03400000184774399,8.6231107711792,0.9947919845581055,,0,/ztf/archive/sci/2018/1128/456366/ztf_20181128456366_000615_zg_c07_o_q4_scimrefdiffimg.fits.fz,2.7131099700927734,0.5789999961853027,20.49203872680664,27,17.836599349975586,1.3812113171755827e+17,25.098115921020508,0,1.1691900491714478,2458451.0,-0.6415659785270691,345.8940124511719,7.154739856719971,615120227,0.20411577820777893,21.508699417114258,18.309799194335938,,,,,,,,,,,,,,,,,,,,,,,,,,,,,,,,,,
ZTF17aacjxza,696391802715015005,58450.390625,2,18.743600845336914,16.23099708557129,18.837799072265625,16.239952087402344,0.14162200689315796,0.01715303584933281,0.14110000431537628,0.01631416194140911,112.80877685546875,25.098039627075195,0.5733330249786377,1,0.9338139891624451,2.3499999046325684,29,0.09417600184679031,0.010999999940395355,2645.090087890625,5,5,7.014525469542318e+17,,16.863100051879883,1.381111244437586e+17,1.6043200492858887,0.3788430094718933,17.96820068359375,1.0832099914550781,18.83970069885254,127,0.9982500076293945,Kulkarni,0.6890000104904175,0.010999999940395355,16.234600067138672,-999.0,1,16.3439998626709,16.239299774169922,2458154.75,,1.381111244437586e+17,696,0.2879999876022339,2458456.0,0.17744700610637665,15,16.3439998626709,696391827456.0,0.5,19.991600036621094,16.0221004486084,2458046.0,-999.0,2458381.0,21.497400283813477,343.6960144042969,17.853900909423828,0.1777999997138977,615,6,0.2846809923648834,112.8087387084961,0.4169999957084656,0.004999999888241291,8.6231107711792,0.9947919845581055,,0,/ztf/archive/sci/2018/1128/391794/ztf_20181128391794_000615_zr_c07_o_q4_scimrefdiffimg.fits.fz,5.47353982925415,0.6690000295639038,20.49203872680664,27,17.836599349975586,1.3812113171755827e+17,25.098133087158203,0,1.15378999710083,2458451.0,0.5843949913978577,343.6960144042969,7.170639991760254,615120227,0.20411577820777893,21.508699417114258,18.309799194335938,,,,,,,,,,,,,,,,,,,,,,,,,,,,,,,,,,
ZTF17aacjxza,1024535782715015000,58778.53515625,1,19.468399047851562,16.82174301147461,19.50309944152832,16.824729919433594,0.26910200715065,0.02633409947156906,0.24650000035762787,0.024062365293502808,112.80883026123047,25.098026275634766,0.6171429753303528,1,0.7935799956321716,1.8329999446868896,177,0.034738000482320786,0.013000000268220901,2708.090087890625,7,0,1.0365286467994911e+18,,16.863100051879883,1.381111244437586e+17,1.6140400171279907,0.42955100536346436,17.96820068359375,2.0,19.45039939880371,522,0.9982500076293945,Kulkarni,0.7310000061988831,0.013000000268220901,16.234600067138672,-999.0,1,16.92099952697754,16.239299774169922,2458166.75,,1.381111244437586e+17,1024,0.6629999876022339,2458791.0,0.31096601486206055,15,16.92099952697754,1024535756800.0,0.5,19.624099731445312,16.0221004486084,2458046.0,-999.0,2458439.0,21.497400283813477,269.3609924316406,17.853900909423828,0.2976999878883362,615,6,0.5019099712371826,112.8087387084961,0.5699999928474426,-0.03400000184774399,8.471508026123047,0.9947919845581055,,0,/ztf/archive/sci/2019/1022/535787/ztf_20191022535787_000615_zg_c07_o_q4_scimrefdiffimg.fits.fz,1.196969985961914,0.9200000166893005,20.545839309692383,27,17.836599349975586,1.3812113171755827e+17,25.098115921020508,0,0.12101700156927109,2458779.0,-0.7157040238380432,269.3609924316406,5.725019931793213,615120127,0.300581693649292,21.508699417114258,18.309799194335938,,,,,,,,,,,,,,,,,,,,,,,,,,,,,,,,,,
ZTF17aacjxza,1201196422715015004,58955.1953125,2,18.440935134887695,16.197031021118164,18.377300262451172,16.188766479492188,0.0997660905122757,0.01586921513080597,0.07460000365972519,0.013772537931799889,112.8087158203125,25.0980224609375,0.8742856979370117,1,1.0,1.1773988008499146,457,-0.06363599747419357,,2708.84912109375,4,4,,-999.0,16.863100051879883,1.381111244437586e+17,1.1487603187561035,0.4039253890514374,17.96820068359375,2.0,18.399499893188477,1285,0.9982500076293945,Kulkarni,0.9959999918937683,0.010999999940395355,16.234600067138672,-999.0,1,16.3439998626709,16.239299774169922,2458154.75,-999.0,1.381111244437586e+17,1201,0.2879999876022339,2458955.75,0.4110756516456604,15,,1201196367872.0,0.5,20.366323471069336,16.0221004486084,2458046.0,-999.0,2458381.0,21.497400283813477,294.7463073730469,17.853900909423828,0.09430000185966492,615,6,0.47222739458084106,112.8087387084961,0.48399999737739563,0.004999999888241291,8.420238494873047,0.9947919845581055,null,0,ztf_20200416196412_000615_zr_c07_o_q4_scimrefdiffimg.fits,11.128993034362793,0.5559999942779541,20.503952026367188,27,17.836599349975586,1.3812113171755827e+17,25.098133087158203,0,1.9890239238739014,2458955.75,0.9692937135696411,294.7463073730469,11.328691482543945,615120227,0.29069072008132935,21.508699417114258,18.309799194335938,0.288360595703125,1.530499957880238e-06,d6_m7,30.0,1781.0,-999.0,16.309921264648438,26.20893669128418,0.9990209937095642,0.09108299762010574,3.1678000596002676e-06,-2.0200000108161476e-06,t17_f5_c3,1.201196387258073e+18,59.369686126708984,0.0323840007185936,26.26300048828125,47.63745880126953,0.2742989957332611,-999.0,-11.732227325439453,0.5590000152587891,,,,,,,,,,,,
ZTF17aacjxza,1184159742715010009,58938.16015625,2,18.282672882080078,16.543298721313477,18.44540023803711,16.513269424438477,0.09867817908525467,0.02387440949678421,0.08669999986886978,0.019473904743790627,112.80872344970703,25.098102569580078,0.918571412563324,1,1.0,3.630000114440918,452,0.1627269983291626,,2706.294677734375,1,9,,-999.0,16.863100051879883,1.381111244437586e+17,1.0971564054489136,0.13057272136211395,17.96820068359375,0.8800764679908752,18.575899124145508,1256,0.9982500076293945,Kulkarni,0.9760000109672546,0.010999999940395355,16.234600067138672,-999.0,-1,16.3439998626709,16.239299774169922,2458154.75,-999.0,1.381111244437586e+17,1184,0.2879999876022339,2458938.75,0.2325068861246109,15,,1184159760384.0,0.5,19.887893676757812,16.0221004486084,2458046.0,-999.0,2458381.0,21.497400283813477,325.1993103027344,17.853900909423828,0.1225999966263771,615,6,0.2550964057445526,112.8087387084961,0.843999981880188,0.004999999888241291,8.367284774780273,0.9947919845581055,null,0,ztf_20200330158634_000615_zr_c07_o_q4_scimrefdiffimg.fits,1.9188261032104492,0.9259999990463257,20.272550582885742,27,17.836599349975586,1.3812113171755827e+17,25.098133087158203,0,1.4424939155578613,2458938.75,0.5203874707221985,325.1993103027344,12.5852632522583,615120227,0.05947158858180046,21.508699417114258,18.309799194335938,0.05791078135371208,2.171000005546375e-06,d6_m7,30.0,1785.0,-999.0,16.309921264648438,26.220672607421875,0.9999992847442627,0.10241100192070007,4.496399924391881e-06,-2.8699998892989242e-06,t17_f5_c3,1.184159729463591e+18,32.07994842529297,0.03735300153493881,26.280000686645508,11.869765281677246,0.2745189964771271,-999.0,-20.210182189941406,0.5590000152587891,,,,,,,,,,,,
ZTF17aacjxza,1113270492715010004,58867.26953125,2,18.77010154724121,16.4669246673584,18.867599487304688,16.45580291748047,0.10323841124773026,0.017461581155657768,0.09989999979734421,0.01631191000342369,112.80879211425781,25.098114013671875,0.8214285969734192,1,0.8766683340072632,2.890000104904175,401,0.09749899804592133,,2694.506103515625,8,4,,-999.0,16.863100051879883,1.381111244437586e+17,1.1785173416137695,0.18546852469444275,17.96820068359375,0.8842371702194214,18.853300094604492,1140,0.9982500076293945,TESS,0.8420000076293945,0.010999999940395355,16.234600067138672,-999.0,-1,16.3439998626709,16.239299774169922,2458154.75,-999.0,1.381111244437586e+17,1113,0.2879999876022339,2458867.75,0.22871972620487213,15,,1113270517760.0,0.5,20.45098876953125,16.0221004486084,2458046.0,-999.0,2458381.0,21.497400283813477,296.5328063964844,17.853900909423828,0.12210000306367874,615,6,0.2695501744747162,112.8087387084961,0.6610000133514404,0.004999999888241291,8.566695213317871,0.9947919845581055,null,0,ztf_20200119270463_000615_zr_c07_o_q4_scimrefdiffimg.fits,9.117265701293945,0.7789999842643738,20.356491088867188,27,17.836599349975586,1.3812113171755827e+17,25.098133087158203,0,1.5833879709243774,2458867.75,-0.16269409656524658,296.5328063964844,13.830573081970215,615120227,0.16246232390403748,21.508699417114258,18.309799194335938,0.16485995054244995,1.5514000324401422e-06,d6_m7,30.0,1773.0,-999.0,16.309921264648438,26.276100158691406,0.9894658327102661,0.0895100012421608,3.2078999083751114e-06,-2.049999920927803e-06,t17_f5_c3,1.1132705039691284e+18,35.6004638671875,0.03210299834609032,26.327999114990234,6.412296295166016,0.274277001619339,-999.0,-29.188167572021484,0.5590000152587891,2.0,112.80879211425781,25.098114013671875,18.77010154724121,0.10323841124773026,18.867599487304688,0.09989999979734421,0.8214285969734192,16.4669246673584,0.017461581155657768,16.45580291748047,0.01631191000342369
ZTF17aacjxza,1113390592715015007,58867.390625,1,19.523372650146484,16.826435089111328,19.307100296020508,16.806655883789062,0.16648688912391663,0.018298326060175896,0.1266999989748001,0.01724238507449627,112.80862426757812,25.09797477722168,0.845714271068573,1,1.0,1.3890310525894165,401,-0.2162719964981079,,2709.514892578125,1,7,,-999.0,16.863100051879883,1.381111244437586e+17,1.1378910541534424,0.6367081999778748,17.96820068359375,2.0,19.363300323486328,1141,0.9982500076293945,TESS,0.7620000243186951,0.013000000268220901,16.234600067138672,-999.0,1,16.92099952697754,16.239299774169922,2458166.75,-999.0,1.381111244437586e+17,1113,0.6629999876022339,2458868.0,0.6212964057922363,15,,1113390579712.0,0.5,20.546977996826172,16.0221004486084,2458046.0,-999.0,2458439.0,21.497400283813477,294.04071044921875,17.853900909423828,0.16509999334812164,615,6,0.7069676518440247,112.8087387084961,0.8629999756813049,-0.03400000184774399,8.171836853027344,0.9947919845581055,null,0,ztf_20200119390579_000615_zg_c07_o_q4_scimrefdiffimg.fits,2.339552879333496,0.9819999933242798,20.48564910888672,27,17.836599349975586,1.3812113171755827e+17,25.098115921020508,0,1.2398781776428223,2458868.0,-0.08682034909725189,294.04071044921875,6.454115390777588,615120127,0.5947681665420532,21.508699417114258,18.309799194335938,0.592086136341095,3.7346999306464568e-06,d6_m7,30.0,1774.0,-999.0,16.309921264648438,26.271371841430664,0.996674120426178,-0.09496500343084335,7.757799721730407e-06,-4.949999947712058e-06,t17_f5_c3,1.113390625614463e+18,20.88663673400879,0.041338000446558,26.219999313354492,6.512813091278076,0.2738870084285736,-999.0,-14.373823165893555,0.5590000152587891,1.0,112.80862426757812,25.09797477722168,19.523372650146484,0.16648688912391663,19.307100296020508,0.1266999989748001,0.845714271068573,16.826435089111328,0.018298326060175896,16.806655883789062,0.01724238507449627
ZTF17aacjxza,1098475522715010004,58852.4765625,1,18.679325103759766,17.160566329956055,18.839399337768555,17.12442970275879,0.11011215299367905,0.03165092691779137,0.08089999854564667,0.022885555401444435,112.80877685546875,25.09811019897461,0.8342857360839844,1,1.0,1.7300000190734863,378,0.16007499396800995,,2670.788818359375,5,4,,-999.0,16.863100051879883,1.381111244437586e+17,1.1290322542190552,0.11584172397851944,17.96820068359375,1.454099416732788,18.822799682617188,1061,0.9982500076293945,TESS,0.9789999723434448,0.013000000268220901,16.234600067138672,-999.0,-1,16.92099952697754,16.239299774169922,2458166.75,-999.0,1.381111244437586e+17,1098,0.6629999876022339,2458853.0,0.2867051959037781,15,,1098475503616.0,0.5,20.65460777282715,16.0221004486084,2458046.0,-999.0,2458439.0,21.497400283813477,285.0664978027344,17.853900909423828,0.09920000284910202,615,6,0.323699414730072,112.8087387084961,0.4959999918937683,-0.03400000184774399,8.522249221801758,0.9947919845581055,null,0,ztf_20200104475521_000615_zg_c07_o_q4_scimrefdiffimg.fits,5.440989017486572,0.5600000023841858,20.340463638305664,27,17.836599349975586,1.3812113171755827e+17,25.098115921020508,0,1.8152079582214355,2458853.0,-1.3291330337524414,285.0664978027344,9.168662071228027,615120127,0.1122434139251709,21.508699417114258,18.309799194335938,0.11463277786970139,3.2594000458630035e-06,d6_m7,30.0,1770.0,-999.0,16.309921264648438,26.24832534790039,0.9999813437461853,-0.08319699764251709,6.76950003253296e-06,-4.319999789004214e-06,t17_f5_c3,1.0984755442252513e+18,63.740360260009766,0.037671998143196106,26.20199966430664,54.5825080871582,0.2739970088005066,-999.0,-9.157852172851562,0.5590000152587891,1.0,112.80877685546875,25.09811019897461,18.679325103759766,0.11011215299367905,18.839399337768555,0.08089999854564667,0.8342857360839844,17.160566329956055,0.03165092691779137,17.12442970275879,0.022885555401444435
ZTF17aacjxza,1097436052715015001,58851.4375,2,18.87042999267578,16.242895126342773,18.98419952392578,16.252540588378906,0.11297421902418137,0.01418970711529255,0.12890000641345978,0.014514713548123837,112.80870819091797,25.09813117980957,0.8585714101791382,1,0.9962503910064697,1.5522211790084839,377,0.1137700006365776,,2688.401611328125,2,1,,-999.0,16.863100051879883,1.381111244437586e+17,1.090128779411316,0.09095489233732224,17.96820068359375,2.0,19.110000610351562,1059,0.9982500076293945,TESS,0.9409999847412109,0.010999999940395355,16.234600067138672,-999.0,1,16.3439998626709,16.239299774169922,2458154.75,-999.0,1.381111244437586e+17,1097,0.2879999876022339,2458852.0,0.4503224194049835,15,,1097436037120.0,0.5,20.06365394592285,16.0221004486084,2458046.0,-999.0,2458381.0,21.497400283813477,298.54071044921875,17.853900909423828,0.17960000038146973,615,6,0.4909093976020813,112.8087387084961,0.6990000009536743,0.004999999888241291,8.29920482635498,0.9947919845581055,null,0,ztf_20200103436042_000615_zr_c07_o_q4_scimrefdiffimg.fits,2.6201422214508057,0.7620000243186951,20.161483764648438,27,17.836599349975586,1.3812113171755827e+17,25.098133087158203,0,1.0794544219970703,2458852.0,2.0678539276123047,298.54071044921875,9.61888313293457,615120227,0.15222342312335968,21.508699417114258,18.309799194335938,0.15232087671756744,2.3415000214299653e-06,d6_m7,30.0,1779.0,-999.0,16.309921264648438,26.277429580688477,0.9999774694442749,0.0955900028347969,4.858300144405803e-06,-3.099999958067201e-06,t17_f5_c3,1.0974360247006659e+18,25.208236694335938,0.03651599958539009,26.334999084472656,12.210476875305176,0.2738499939441681,-999.0,-12.997759819030762,0.5590000152587891,2.0,112.80870819091797,25.09813117980957,18.87042999267578,0.11297421902418137,18.98419952392578,0.12890000641345978,0.8585714101791382,16.242895126342773,0.01418970711529255,16.252540588378906,0.014514713548123837
ZTF17aacjxza,1100484962715010005,58854.484375,1,18.409944534301758,17.238801956176758,18.468599319458008,17.21955680847168,0.11369693279266357,0.042406145483255386,0.07029999792575836,0.02807117998600006,112.80883026123047,25.09807586669922,0.5899999737739563,1,1.0,4.550000190734863,396,0.0586559996008873,,2692.805419921875,0,5,,-999.0,16.863100051879883,1.381111244437586e+17,1.0616209506988525,0.3342704474925995,17.96820068359375,1.074127197265625,18.472200393676758,1117,0.9982500076293945,TESS,0.953000009059906,0.013000000268220901,16.234600067138672,-999.0,-1,16.92099952697754,16.239299774169922,2458166.75,-999.0,1.381111244437586e+17,1100,0.6629999876022339,2458855.0,0.32813185453414917,15,,1100484968448.0,0.5,19.669109344482422,16.0221004486084,2458046.0,-999.0,2458439.0,21.497400283813477,287.61810302734375,17.853900909423828,0.08869999647140503,615,6,0.3483516573905945,112.8087387084961,1.4930000305175781,-0.03400000184774399,8.73523235321045,0.9947919845581055,null,0,ztf_20200106484954_000615_zg_c07_o_q4_scimrefdiffimg.fits,2.017387866973877,1.5850000381469727,20.547277450561523,27,17.836599349975586,1.3812113171755827e+17,25.098115921020508,0,1.200508952140808,2458855.0,-0.5862258076667786,287.61810302734375,17.1629638671875,615120127,0.30919721722602844,21.508699417114258,18.309799194335938,0.3105385899543762,9.702600436867215e-06,d6_m7,30.0,1241.0,-999.0,16.309921264648438,26.19594383239746,0.9997115135192871,-0.05218999832868576,2.6803900254890323e-05,-1.4940000255592167e-05,t17_f5_c3,1.1004849704444887e+18,21.671714782714844,0.04291800037026405,26.17099952697754,6.309793949127197,0.2262369990348816,-999.0,-15.361920356750488,0.4909999966621399,1.0,112.80883026123047,25.09807586669922,18.409944534301758,0.11369693279266357,18.468599319458008,0.07029999792575836,0.5899999737739563,17.238801956176758,0.042406145483255386,17.21955680847168,0.02807117998600006
ZTF17aacjxza,1108219312715015001,58862.21875,2,18.562782287597656,16.211721420288086,18.762300491333008,16.232831954956055,0.11823061108589172,0.016695700585842133,0.13500000536441803,0.01646859385073185,112.8087387084961,25.098007202148438,0.868571400642395,1,0.9615022540092468,1.7400000095367432,399,0.19951799511909485,,2683.3330078125,6,1,,-999.0,16.863100051879883,1.381111244437586e+17,1.1234568357467651,0.45194101333618164,17.96820068359375,1.4785559177398682,18.670900344848633,1133,0.9982500076293945,TESS,0.9980000257492065,0.010999999940395355,16.234600067138672,-999.0,1,16.3439998626709,16.239299774169922,2458154.75,-999.0,1.381111244437586e+17,1108,0.2879999876022339,2458862.75,0.27931034564971924,15,,1108219265024.0,0.5,19.945457458496094,16.0221004486084,2458046.0,-999.0,2458381.0,21.497400283813477,270.8486022949219,17.853900909423828,0.15629999339580536,615,6,0.3137930929660797,112.8087387084961,0.4860000014305115,0.004999999888241291,8.508920669555664,0.9947919845581055,null,0,ztf_20200114219282_000615_zr_c07_o_q4_scimrefdiffimg.fits,7.150867462158203,0.5460000038146973,20.590463638305664,27,17.836599349975586,1.3812113171755827e+17,25.098133087158203,0,1.183158040046692,2458862.75,0.5914300084114075,270.8486022949219,15.581318855285645,615120227,0.3332533538341522,21.508699417114258,18.309799194335938,0.3313775360584259,1.68259998645226e-06,d6_m7,30.0,1773.0,-999.0,16.309921264648438,26.255781173706055,0.9995554685592651,0.09893199801445007,3.4771001082845032e-06,-2.2199999420990935e-06,t17_f5_c3,1.1082192788316488e+18,30.402040481567383,0.03473600000143051,26.312999725341797,20.305892944335938,0.27501899003982544,-999.0,-10.096147537231445,0.5590000152587891,2.0,112.8087387084961,25.098007202148438,18.562782287597656,0.11823061108589172,18.762300491333008,0.13500000536441803,0.868571400642395,16.211721420288086,0.016695700585842133,16.232831954956055,0.01646859385073185
ZTF17aacjxza,1137245132715010004,58891.24609375,1,18.50703239440918,17.207670211791992,18.493099212646484,17.211915969848633,0.12468896806240082,0.041305799037218094,0.09319999814033508,0.03330092504620552,112.80872344970703,25.09811019897461,0.9171428680419922,1,0.9938842058181763,1.5299999713897705,430,-0.013933000154793262,,2706.74365234375,5,4,,-999.0,16.863100051879883,1.381111244437586e+17,1.0182815790176392,0.05179740488529205,17.96820068359375,1.6126993894577026,18.672000885009766,1185,0.9982500076293945,Kulkarni,0.9829999804496765,0.013000000268220901,16.234600067138672,-999.0,-1,16.92099952697754,16.239299774169922,2458166.75,-999.0,1.381111244437586e+17,1137,0.6629999876022339,2458891.75,0.357516348361969,15,,1137245159424.0,0.5,20.0960693359375,16.0221004486084,2458046.0,-999.0,2458439.0,21.497400283813477,307.6217956542969,17.853900909423828,0.1396999955177307,615,6,0.36405229568481445,112.8087387084961,0.546999990940094,-0.03400000184774399,8.359907150268555,0.9947919845581055,null,0,ztf_20200212245127_000615_zg_c07_o_q4_scimrefdiffimg.fits,9.19265365600586,0.5569999814033508,20.24672508239746,27,17.836599349975586,1.3812113171755827e+17,25.098115921020508,0,1.6029696464538574,2458891.75,-0.11145850270986557,307.6217956542969,20.828372955322266,615120127,0.07057669758796692,21.508699417114258,18.309799194335938,0.07008852809667587,2.988500000355998e-06,d6_m7,30.0,1752.0,-999.0,16.309921264648438,26.289033889770508,0.9999781847000122,-0.07063400000333786,6.4055998336698394e-06,-4.0199997783929575e-06,t17_f5_c3,1.1372451488543539e+18,41.45773696899414,0.0342320017516613,26.24799919128418,35.5640983581543,0.26885899901390076,-999.0,-5.893638610839844,0.5509999990463257,1.0,112.80872344970703,25.09811019897461,18.50703239440918,0.12468896806240082,18.493099212646484,0.09319999814033508,0.9171428680419922,17.207670211791992,0.041305799037218094,17.211915969848633,0.03330092504620552
ZTF17aacjxza,1140242732715010007,58894.2421875,2,18.150104522705078,16.57208824157715,18.114599227905273,16.580556869506836,0.059956204146146774,0.01950991153717041,0.04780000075697899,0.017957814037799835,112.80873107910156,25.098100662231445,0.9628571271896362,1,1.0,2.9200000762939453,433,-0.03550399839878082,,2711.788818359375,2,7,,-999.0,16.863100051879883,1.381111244437586e+17,1.0173102617263794,0.12936286628246307,17.96820068359375,0.866647481918335,18.064599990844727,1191,0.9982500076293945,Kulkarni,0.9610000252723694,0.010999999940395355,16.234600067138672,-999.0,-1,16.3439998626709,16.239299774169922,2458154.75,-999.0,1.381111244437586e+17,1140,0.2879999876022339,2458894.75,0.2571917772293091,15,,1140242776064.0,0.5,20.534242630004883,16.0221004486084,2458046.0,-999.0,2458381.0,21.497400283813477,336.164306640625,17.853900909423828,0.056299999356269836,615,6,0.26164382696151733,112.8087387084961,0.7509999871253967,0.004999999888241291,8.392457962036133,0.9947919845581055,null,0,ztf_20200215242685_000615_zr_c07_o_q4_scimrefdiffimg.fits,4.030893802642822,0.7639999985694885,20.293800354003906,27,17.836599349975586,1.3812113171755827e+17,25.098133087158203,0,2.419642210006714,2458894.75,-0.7666928172111511,336.164306640625,7.0059895515441895,615120227,0.03558431193232536,21.508699417114258,18.309799194335938,0.03366943821310997,1.7915000398716074e-06,d6_m7,30.0,1777.0,-999.0,16.309921264648438,26.255104064941406,0.9999821782112122,0.09668900072574615,3.7233000966807595e-06,-2.3699999474047218e-06,t17_f5_c3,1.140242761149055e+18,67.88695526123047,0.03454099968075752,26.312000274658203,27.505081176757812,0.2733680009841919,-999.0,-40.381874084472656,0.5590000152587891,2.0,112.80873107910156,25.098100662231445,18.150104522705078,0.059956204146146774,18.114599227905273,0.04780000075697899,0.9628571271896362,16.57208824157715,0.01950991153717041,16.580556869506836,0.017957814037799835
ZTF17aacjxza,1144163622715015009,58898.1640625,2,18.923030853271484,16.247468948364258,19.013399124145508,16.254871368408203,0.16812287271022797,0.01748831756412983,0.1088000014424324,0.013274196535348892,112.80878448486328,25.09796714782715,0.5857142806053162,1,0.9143912196159363,1.2169641256332397,435,0.09036999940872192,,2697.940185546875,7,9,,-999.0,16.863100051879883,1.381111244437586e+17,1.2672176361083984,0.6142702102661133,17.96820068359375,2.0,19.00550079345703,1200,0.9982500076293945,Kulkarni,0.9959999918937683,0.010999999940395355,16.234600067138672,-999.0,1,16.3439998626709,16.239299774169922,2458154.75,-999.0,1.381111244437586e+17,1144,0.2879999876022339,2458898.75,0.29828324913978577,15,,1144163663872.0,0.5,20.609495162963867,16.0221004486084,2458046.0,-999.0,2458381.0,21.497400283813477,261.9176940917969,17.853900909423828,0.13210000097751617,615,6,0.3779897689819336,112.8087387084961,0.3630000054836273,0.004999999888241291,8.678994178771973,0.9947919845581055,null,0,ztf_20200219163623_000615_zr_c07_o_q4_scimrefdiffimg.fits,11.262076377868652,0.46000000834465027,20.789173126220703,27,17.836599349975586,1.3812113171755827e+17,25.098133087158203,0,1.5960944890975952,2458898.75,0.576713502407074,261.9176940917969,6.030981540679932,615120227,0.501347541809082,21.508699417114258,18.309799194335938,0.5000506639480591,1.7761999515641946e-06,d6_m7,30.0,1783.0,-999.0,16.309921264648438,26.246030807495117,0.9089376926422119,0.08497700095176697,3.661499931695289e-06,-2.3400000372930663e-06,t17_f5_c3,1.1441636196137042e+18,54.58974075317383,0.03222599998116493,26.297000885009766,48.877098083496094,0.27482399344444275,-999.0,-5.712642669677734,0.5609999895095825,2.0,112.80878448486328,25.09796714782715,18.923030853271484,0.16812287271022797,19.013399124145508,0.1088000014424324,0.5857142806053162,16.247468948364258,0.01748831756412983,16.254871368408203,0.013274196535348892
