oid,candid,mjd,fid,magpsf,magpsf_corr,magap,magap_corr,sigmapsf,sigmapsf_corr,sigmagap,sigmagap_corr,ra,dec,rb,alert.field,alert.ndethist,alert.nneg,alert.jdstarthist,alert.distnr,alert.tblid,alert.pid,alert.aimagerat,alert.sgmag1,alert.ssmagnr,alert.magapbig,alert.sigmagnr,alert.ssdistnr,alert.magdiff,alert.parent_candid,sgscore1,alert.magref,alert.decnr,alert.jdendref,alert.sgscore2,alert.szmag1,alert.nframesref,alert.classtar,alert.szmag2,alert.xpos,alert.srmag1,alert.nbad,alert.diffmaglim,alert.sigmagref,alert.sky,alert.jdstartref,alert.seeratio,alert.ncovhist,alert.aimage,alert.elong,alert.fwhm,alert.bimagerat,alert.objectidps3,alert.sgmag3,alert.magfromlim,alert.szmag3,alert.programid,alert.pdiffimfilename,alert.ssnamenr,alert.rfid,alert.mindtoedge,alert.rcid,alert.jdendhist,alert.sgmag2,alert.distpsnr2,alert.simag1,alert.jd,alert.objectidps1,alert.nmtchps,alert.distpsnr1,alert.simag3,alert.simag2,alert.programpi,alert.srmag3,alert.ypos,alert.sharpnr,alert.nid,alert.chinr,alert.objectidps2,alert.srmag2,alert.magnr,alert.bimage,alert.ranr,alert.scorr,alert.chipsf,alert.sigmagapbig,alert.sgscore3,alert.tooflag,alert.distpsnr3,isdiffpos,alert.sumrat,alert.zpclrcov,alert.nmatches,alert.clrcoeff,alert.neargaia,alert.ssnrms,alert.magzpscirms,alert.drb,alert.dsnrms,alert.dsdiff,alert.drbversion,alert.magzpsciunc,alert.zpmed,alert.maggaiabright,alert.magzpsci,alert.neargaiabright,alert.rbversion,alert.clrmed,alert.candid,alert.exptime,alert.clrrms,alert.clrcounc,alert.maggaia,alert.fid,alert.ra,alert.dec,alert.magpsf,alert.sigmapsf,alert.magap,alert.sigmagap,alert.rb,alert.magpsf_corr,alert.sigmapsf_corr,alert.magap_corr,alert.sigmagap_corr
ZTF17aacwbiw,1014437892015015008,58768.4375,1,16.763599395751953,15.065132141113281,16.745899200439453,15.061405181884766,0.0656450018286705,0.017640918493270874,0.03530000150203705,0.013330229558050632,114.82869720458984,25.2224063873291,0.951429009437561,615,200,1,2458042.0,0.2908239960670471,8,1014437904384.0,0.32584699988365173,14.909799575805664,,16.72920036315918,0.014000000432133675,,-0.017696000635623932,1.0354533931470029e+18,0.9970830082893372,15.319999694824219,25.222476959228516,2458430.0,0.30797600746154785,14.800100326538086,15,0.9850000143051147,20.492300033569336,2763.56005859375,14.942700386047363,0,19.441600799560547,0.014000000432133675,0.944553017616272,2458166.75,1.0627299547195435,459,0.7689999938011169,1.122630000114441,2.359999895095825,0.29025399684906006,1.3826114765140787e+17,18.40839958190918,2.695739984512329,17.9552001953125,1,/ztf/archive/sci/2019/1012/437894/ztf_20191012437894_000615_zg_c06_o_q1_scimrefdiffimg.fits.fz,,615120120,227.19400024414062,20,2458790.0,-999.0,11.593568801879883,15.081899642944336,2458769.0,1.3826114765140787e+17,11,0.28125783801078796,17.96339988708496,21.431800842285156,Kulkarni,18.096099853515625,2853.31005859375,0.007000000216066837,1014,0.6129999756813049,1.3826114765140787e+17,-999.0,15.319999694824219,0.6850000023841858,114.82874298095703,12.810999870300293,20.40760040283203,0.04320000112056732,0.9966670274734497,0,15.89806842803955,1,1.0,,,,,,,,,,,,,,,,,,,,,,,,,,,,,,,,,,
ZTF17aacwbiw,683478592015010023,58437.48046875,1,17.66990089416504,15.201982498168945,17.629499435424805,15.19775104522705,0.05392200127243996,0.013731338083744049,0.0333000011742115,0.013002067804336548,114.82867431640625,25.22247886657715,0.6933330297470093,615,40,0,2458042.0,0.2353769987821579,23,683478614016.0,0.16317200660705566,14.909799575805664,,17.5939998626709,0.014000000432133675,,-0.04037899896502495,7.014954966271918e+17,0.9970830082893372,15.319999694824219,25.222476959228516,2458372.0,0.30797600746154785,14.800100326538086,15,0.9990000128746033,20.492300033569336,2726.97998046875,14.942700386047363,0,20.52989959716797,0.014000000432133675,0.1545329988002777,2458154.75,0.3985230028629303,122,1.2139999866485596,1.073390007019043,7.440000057220459,0.15201599895954132,1.3826114765140787e+17,18.40839958190918,2.9004299640655518,17.9552001953125,1,/ztf/archive/sci/2018/1115/478588/ztf_20181115478588_000615_zg_c06_o_q1_scimrefdiffimg.fits.fz,,615120220,91.63130187988281,20,2458456.0,-999.0,11.421395301818848,15.081899642944336,2458438.0,1.3826114765140787e+17,11,0.1985761970281601,17.96339988708496,21.431800842285156,Kulkarni,18.096099853515625,2988.8701171875,0.007000000216066837,683,0.6129999756813049,1.3826114765140787e+17,-999.0,15.319999694824219,1.13100004196167,114.82874298095703,17.37980079650879,4.417789936065674,0.03689999878406525,0.9966670274734497,0,15.605908393859863,-1,1.0,,,,,,,,,,,,,,,,,,,,,,,,,,,,,,,,,,
ZTF17aacwbiw,620515422015010002,58374.515625,2,17.560400009155273,14.9256010055542,17.572599411010742,14.92667293548584,0.06116199865937233,0.016412973403930664,0.048500001430511475,0.01608278416097164,114.82876586914062,25.222471237182617,0.7833330035209656,615,22,2,2458042.0,0.13568100333213806,2,620515426304.0,0.5114970207214355,14.909799575805664,,17.56399917602539,0.017000000923871994,,0.012206999585032463,6.324452043301847e+17,0.9970830082893372,15.026000022888184,25.222488403320312,2458372.0,0.30797600746154785,14.800100326538086,15,0.9950000047683716,20.492300033569336,2671.669921875,14.942700386047363,0,19.814199447631836,0.017000000923871994,-1.4238899946212769,2458154.75,2.0,89,0.7749999761581421,1.0529899597167969,1.5151599645614624,0.4857569932937622,1.3826114765140787e+17,18.40839958190918,2.2415900230407715,17.9552001953125,1,/ztf/archive/sci/2018/0913/515428/ztf_20180913515428_000615_zr_c06_o_q1_scimrefdiffimg.fits.fz,,615120220,208.61900329589844,20,2458387.0,-999.0,11.416299819946289,15.081899642944336,2458375.0,1.3826114765140787e+17,11,0.13007746636867523,17.96339988708496,21.431800842285156,Kulkarni,18.096099853515625,2871.8798828125,-0.03700000047683716,620,1.1319999694824219,1.3826114765140787e+17,-999.0,15.026000022888184,0.7360000014305115,114.82872772216797,5.551609992980957,5.445040225982666,0.05810000002384186,0.9966670274734497,0,15.683001518249512,-1,0.9882940053939819,,,,,,,,,,,,,,,,,,,,,,,,,,,,,,,,,,
ZTF17aacwbiw,1009475522015015020,58763.4765625,1,16.12057876586914,14.895538330078125,16.114999771118164,14.893730163574219,0.03659472241997719,0.015162336640059948,0.011099999770522118,0.010117835365235806,114.82874298095703,25.2224178314209,0.9157142639160156,615,153,1,2458042.0,0.20991384983062744,20,1009475518464.0,0.2365671694278717,14.909799575805664,-999.0,16.102399826049805,0.014000000432133675,-999.0,-0.005578999873250723,-1000.0,0.9970830082893372,15.319999694824219,25.222476959228516,2458430.0,0.30797600746154785,14.800100326538086,15,0.984000027179718,20.492300033569336,2797.909423828125,14.942700386047363,0,20.51266860961914,0.014000000432133675,-0.03336220979690552,2458166.75,0.6466543078422546,284,0.9509999752044678,1.0806818008422852,4.019999980926514,0.2189054787158966,1.3826114765140787e+17,18.40839958190918,4.397669315338135,17.9552001953125,1,ztf_20191007475521_000615_zg_c06_o_q1_scimrefdiffimg.fits,null,615120120,226.0753936767578,20,2458764.0,-999.0,11.565446853637695,15.081899642944336,2458764.0,1.3826114765140787e+17,11,0.13475698232650757,17.96339988708496,21.431800842285156,Kulkarni,18.096099853515625,2854.424560546875,0.007000000216066837,1009,0.6129999756813049,1.3826114765140787e+17,-999.0,15.319999694824219,0.8799999952316284,114.82874298095703,28.119871139526367,26.81525993347168,0.01209999993443489,0.9966670274734497,0,15.573766708374023,1,1.0,,,,,,,,,,,,,,,,,,,,,,,,,,,,,,,,,,
ZTF17aacwbiw,757172512015015015,58511.171875,1,17.01266860961914,15.112726211547852,17.088300704956055,15.125497817993164,0.04944828525185585,0.014409858733415604,0.02500000037252903,0.012401290237903595,114.82875061035156,25.2224178314209,0.6757143139839172,615,55,1,2458042.0,0.21230590343475342,15,757172535296.0,0.3492492437362671,14.909799575805664,-999.0,17.062599182128906,0.014000000432133675,-999.0,0.0756319984793663,-1000.0,0.9970830082893372,15.319999694824219,25.222476959228516,2458430.0,0.30797600746154785,14.800100326538086,15,0.9829999804496765,20.492300033569336,2722.324462890625,14.942700386047363,0,20.058515548706055,0.014000000432133675,-0.4002738893032074,2458166.75,1.0988287925720215,149,1.1629999876022339,1.0393208265304565,3.3299999237060547,0.3360360264778137,1.3826114765140787e+17,18.40839958190918,2.970215320587158,17.9552001953125,1,ztf_20190128172512_000615_zg_c06_o_q1_scimrefdiffimg.fits,null,615120120,109.25669860839844,20,2458511.75,-999.0,11.552834510803223,15.081899642944336,2458511.75,1.3826114765140787e+17,11,0.1366925686597824,17.96339988708496,21.431800842285156,Kulkarni,18.096099853515625,2971.243408203125,0.007000000216066837,757,0.6129999756813049,1.3826114765140787e+17,-999.0,15.319999694824219,1.11899995803833,114.82874298095703,16.75379180908203,4.709704399108887,0.02800000086426735,0.9966670274734497,0,15.574713706970215,1,1.0,,,,,,,,,,,,,,,,,,,,,,,,,,,,,,,,,,
ZTF17aacwbiw,726466332015015022,58480.46484375,1,16.16447639465332,14.909549713134766,16.170000076293945,14.911285400390625,0.030707592144608498,0.013618611730635166,0.013199999928474426,0.010462510399520397,114.82872772216797,25.22235870361328,0.7699999809265137,615,48,0,2458042.0,0.4171445071697235,22,726466363392.0,0.2402646541595459,14.909799575805664,-999.0,16.152999877929688,0.014000000432133675,-999.0,0.0055229999125003815,-1000.0,0.9970830082893372,15.319999694824219,25.222476959228516,2458430.0,0.30797600746154785,14.800100326538086,15,0.9860000014305115,20.492300033569336,2707.085205078125,14.942700386047363,0,19.732851028442383,0.014000000432133675,-0.4959442913532257,2458166.75,0.7020644545555115,135,1.2710000276565552,1.0426579713821411,5.289999961853027,0.23043477535247803,1.3826114765140787e+17,18.40839958190918,3.5628514289855957,17.9552001953125,1,ztf_20181228466319_000615_zg_c06_o_q1_scimrefdiffimg.fits,null,615120120,68.18579864501953,20,2458481.0,-999.0,11.701560020446777,15.081899642944336,2458481.0,1.3826114765140787e+17,11,0.3541954755783081,17.96339988708496,21.431800842285156,Kulkarni,18.096099853515625,3012.314208984375,0.007000000216066837,726,0.6129999756813049,1.3826114765140787e+17,-999.0,15.319999694824219,1.218999981880188,114.82874298095703,28.924304962158203,6.655719757080078,0.015200000256299973,0.9966670274734497,0,15.35285758972168,1,1.0,,,,,,,,,,,,,,,,,,,,,,,,,,,,,,,,,,
ZTF17aacwbiw,848184612015015002,58602.18359375,1,16.34397315979004,14.962921142578125,16.332799911499023,14.95977783203125,0.029146438464522362,0.01297154650092125,0.012900000438094139,0.010686920024454594,114.82875061035156,25.222414016723633,0.677142858505249,615,76,0,2458042.0,0.22669634222984314,2,848184606720.0,0.20673684775829315,14.909799575805664,-999.0,16.325300216674805,0.014000000432133675,-999.0,-0.011172999627888203,-1000.0,0.9970830082893372,15.319999694824219,25.222476959228516,2458430.0,0.30797600746154785,14.800100326538086,15,0.9829999804496765,20.492300033569336,2682.748779296875,14.942700386047363,0,20.407222747802734,0.014000000432133675,-0.2595590054988861,2458166.75,0.6147232055664062,180,0.9819999933242798,1.0092496871948242,4.75,0.20484210550785065,1.3826114765140787e+17,18.40839958190918,4.074423313140869,17.9552001953125,1,ztf_20190429184618_000615_zg_c06_o_q1_scimrefdiffimg.fits,null,615120120,126.39099884033203,20,2458602.75,-999.0,11.559860229492188,15.081899642944336,2458602.75,1.3826114765140787e+17,11,0.15198929607868195,17.96339988708496,21.431800842285156,Kulkarni,18.096099853515625,2954.10888671875,0.007000000216066837,848,0.6129999756813049,1.3826114765140787e+17,-999.0,15.319999694824219,0.9729999899864197,114.82874298095703,28.42443084716797,9.665970802307129,0.014299999922513962,0.9966670274734497,0,15.55929946899414,1,1.0,,,,,,,,,,,,,,,,,,,,,,,,,,,,,,,,,,
ZTF17aacwbiw,726435622015015026,58480.4375,2,17.14963722229004,14.882375717163086,17.16699981689453,14.884511947631836,0.04150240123271942,0.015756377950310707,0.031700000166893005,0.015417352318763733,114.82879638671875,25.22245216369629,0.8533333539962769,615,46,2,2458042.0,0.24052225053310394,26,726435627008.0,0.3255172371864319,14.909799575805664,-999.0,17.17140007019043,0.017000000923871994,-999.0,0.01736300066113472,-1000.0,0.9970830082893372,15.026000022888184,25.222488403320312,2458372.0,0.30797600746154785,14.800100326538086,15,0.9269999861717224,20.492300033569336,2703.0205078125,14.942700386047363,0,19.97650909423828,0.017000000923871994,-0.12031260132789612,2458154.75,1.045656442642212,134,0.9440000057220459,1.0630630254745483,2.9000000953674316,0.3062068819999695,1.3826114765140787e+17,18.40839958190918,2.8095083236694336,17.9552001953125,1,ztf_20181228435590_000615_zr_c06_o_q1_scimrefdiffimg.fits,null,615120220,74.28359985351562,20,2458481.0,-999.0,11.362473487854004,15.081899642944336,2458481.0,1.3826114765140787e+17,11,0.17627710103988647,17.96339988708496,21.431800842285156,Kulkarni,18.096099853515625,3006.21630859375,-0.03700000047683716,726,1.1319999694824219,1.3826114765140787e+17,-999.0,15.026000022888184,0.8880000114440918,114.82872772216797,8.383824348449707,7.030885696411133,0.037300001829862595,0.9966670274734497,0,15.707345008850098,1,1.0,,,,,,,,,,,,,,,,,,,,,,,,,,,,,,,,,,
ZTF17aacwbiw,693307762015010003,58447.30859375,2,17.651519775390625,14.933347702026367,17.52199935913086,14.922154426574707,0.10726942121982574,0.01790648140013218,0.08179999887943268,0.017156746238470078,114.82862854003906,25.222187042236328,0.6966666579246521,615,37,0,2458042.0,1.1184990406036377,3,693307768832.0,0.5026031732559204,14.909799575805664,-999.0,17.54159927368164,0.017000000923871994,-999.0,-0.1295190006494522,-1000.0,0.9970830082893372,15.026000022888184,25.222488403320312,2458372.0,0.30797600746154785,14.800100326538086,15,0.9789999723434448,20.492300033569336,2703.78564453125,14.942700386047363,0,18.902524948120117,0.017000000923871994,0.26798468828201294,2458154.75,2.0,117,0.8759999871253967,1.0682927370071411,1.742925763130188,0.4704732894897461,1.3826114765140787e+17,18.40839958190918,1.3805248737335205,17.9552001953125,1,ztf_20181125307697_000615_zr_c06_o_q1_scimrefdiffimg.fits,null,615120220,98.20069885253906,20,2458447.75,-999.0,12.282791137695312,15.081899642944336,2458447.75,1.3826114765140787e+17,11,1.0313260555267334,17.96339988708496,21.431800842285156,Kulkarni,18.096099853515625,2982.29931640625,-0.03700000047683716,693,1.1319999694824219,1.3826114765140787e+17,-999.0,15.026000022888184,0.8199999928474426,114.82872772216797,11.430351257324219,3.11765456199646,0.10509999841451645,0.9966670274734497,0,14.714479446411133,-1,1.0,,,,,,,,,,,,,,,,,,,,,,,,,,,,,,,,,,
ZTF17aacwbiw,1005473792015010023,58759.47265625,1,18.50872039794922,15.263898849487305,18.33489990234375,15.254446983337402,0.16546186804771423,0.015690291300415993,0.07280000299215317,0.013852748088538647,114.8286361694336,25.222604751586914,0.595714271068573,615,147,5,2458042.0,0.5732123255729675,23,1005473824768.0,0.49337488412857056,14.909799575805664,-999.0,18.374799728393555,0.014000000432133675,-999.0,-0.17382100224494934,-1000.0,0.9970830082893372,15.319999694824219,25.222476959228516,2458430.0,0.30797600746154785,14.800100326538086,15,0.9900000095367432,20.492300033569336,2788.822509765625,14.942700386047363,0,20.420387268066406,0.014000000432133675,-0.2654888927936554,2458166.75,2.0,281,0.6700000166893005,1.4075629711151123,1.357993721961975,0.35051706433296204,1.3826114765140787e+17,18.40839958190918,2.0854880809783936,17.9552001953125,1,ztf_20191003473796_000615_zg_c06_o_q1_scimrefdiffimg.fits,null,615120120,116.63939666748047,20,2458760.0,-999.0,11.597151756286621,15.081899642944336,2458760.0,1.3826114765140787e+17,11,0.6360186338424683,17.96339988708496,21.431800842285156,Kulkarni,18.096099853515625,2963.860595703125,0.007000000216066837,1005,0.6129999756813049,1.3826114765140787e+17,-999.0,15.319999694824219,0.47600001096725464,114.82874298095703,8.090618133544922,5.144540786743164,0.08730000257492065,0.9966670274734497,0,16.215917587280273,-1,0.885837197303772,,,,,,,,,,,,,,,,,,,,,,,,,,,,,,,,,,
ZTF17aacwbiw,1006497622015015013,58760.49609375,1,16.6794490814209,15.046977996826172,16.721500396728516,15.056187629699707,0.044594619423151016,0.014725515618920326,0.017999999225139618,0.011646343395113945,114.82872772216797,25.22242546081543,0.9242857098579407,615,152,1,2458042.0,0.1914701610803604,13,1006497628160.0,0.2728155255317688,14.909799575805664,-999.0,16.71619987487793,0.014000000432133675,-999.0,0.04205099865794182,-1000.0,0.9970830082893372,15.319999694824219,25.222476959228516,2458430.0,0.30797600746154785,14.800100326538086,15,0.9990000128746033,20.492300033569336,2793.169677734375,14.942700386047363,0,20.438108444213867,0.014000000432133675,0.10830660164356232,2458166.75,0.8797125816345215,283,0.8429999947547913,1.0752551555633545,3.0899999141693115,0.253721684217453,1.3826114765140787e+17,18.40839958190918,3.7166082859039307,17.9552001953125,1,ztf_20191004497627_000615_zg_c06_o_q1_scimrefdiffimg.fits,null,615120120,189.87510681152344,20,2458761.0,-999.0,11.587854385375977,15.081899642944336,2458761.0,1.3826114765140787e+17,11,0.11459267139434814,17.96339988708496,21.431800842285156,Kulkarni,18.096099853515625,2890.625,0.007000000216066837,1006,0.6129999756813049,1.3826114765140787e+17,-999.0,15.319999694824219,0.7839999794960022,114.82874298095703,27.791677474975586,19.526641845703125,0.02019999921321869,0.9966670274734497,0,15.594112396240234,1,1.0,,,,,,,,,,,,,,,,,,,,,,,,,,,,,,,,,,
ZTF17aacwbiw,780254172015015005,58534.25390625,1,16.206687927246094,14.922660827636719,16.27090072631836,14.941940307617188,0.05270296707749367,0.01884561963379383,0.026000000536441803,0.0124951908364892,114.8287353515625,25.222509384155273,0.6057142615318298,615,58,0,2458042.0,0.1234535425901413,5,780254183424.0,0.3597058951854706,14.909799575805664,-999.0,16.270000457763672,0.014000000432133675,-999.0,0.06421200186014175,-1000.0,0.9970830082893372,15.319999694824219,25.222476959228516,2458430.0,0.30797600746154785,14.800100326538086,15,0.9079999923706055,20.492300033569336,2707.4013671875,14.942700386047363,0,18.82198715209961,0.014000000432133675,-1.2004339694976807,2458166.75,1.1185235977172852,155,1.2230000495910645,1.1782273054122925,3.4000000953674316,0.30529412627220154,1.3826114765140787e+17,18.40839958190918,2.5510871410369873,17.9552001953125,1,ztf_20190220254155_000615_zg_c06_o_q1_scimrefdiffimg.fits,null,615120120,84.90859985351562,20,2458534.75,-999.0,11.44105052947998,15.081899642944336,2458534.75,1.3826114765140787e+17,11,0.19101755321025848,17.96339988708496,21.431800842285156,Kulkarni,18.096099853515625,2995.59130859375,0.007000000216066837,780,0.6129999756813049,1.3826114765140787e+17,-999.0,15.319999694824219,1.0379999876022339,114.82874298095703,12.086137771606445,17.323396682739258,0.032499998807907104,0.9966670274734497,0,15.895668983459473,1,1.0,,,,,,,,,,,,,,,,,,,,,,,,,,,,,,,,,,
ZTF17aacwbiw,701452532015015018,58455.453125,2,16.548511505126953,14.787175178527832,16.498199462890625,14.777054786682129,0.04137451946735382,0.01590222865343094,0.017100000753998756,0.013963443227112293,114.82881927490234,25.222444534301758,0.8766666650772095,615,39,0,2458042.0,0.31561845541000366,18,701452517376.0,0.4119148850440979,14.909799575805664,-999.0,16.479700088500977,0.017000000923871994,-999.0,-0.05031200125813484,-1000.0,0.9970830082893372,15.026000022888184,25.222488403320312,2458372.0,0.30797600746154785,14.800100326538086,15,0.7080000042915344,20.492300033569336,2710.89111328125,14.942700386047363,0,20.096384048461914,0.017000000923871994,-0.4750053882598877,2458154.75,1.2770216464996338,121,0.9679999947547913,1.1075514554977417,2.3499999046325684,0.37191489338874817,1.3826114765140787e+17,18.40839958190918,3.5981836318969727,17.9552001953125,1,ztf_20181203452535_000615_zr_c06_o_q1_scimrefdiffimg.fits,null,615120220,63.68220138549805,20,2458456.0,-999.0,11.298782348632812,15.081899642944336,2458456.0,1.3826114765140787e+17,11,0.2606961727142334,17.96339988708496,21.431800842285156,Kulkarni,18.096099853515625,3016.81787109375,-0.03700000047683716,701,1.1319999694824219,1.3826114765140787e+17,-999.0,15.026000022888184,0.8740000128746033,114.82872772216797,9.846115112304688,17.07666778564453,0.019200000911951065,0.9966670274734497,0,15.694367408752441,1,1.0,,,,,,,,,,,,,,,,,,,,,,,,,,,,,,,,,,
ZTF17aacwbiw,681394352015015024,58435.39453125,2,17.494571685791016,14.919623374938965,17.541900634765625,14.923954010009766,0.08686713129281998,0.017415538430213928,0.03970000147819519,0.01587950438261032,114.82891082763672,25.22249984741211,0.7699999809265137,615,7,0,2458375.0,0.5692365765571594,24,681394372608.0,0.31704410910606384,14.909799575805664,-999.0,17.470399856567383,0.017000000923871994,-999.0,0.04732900112867355,-1000.0,0.9970830082893372,15.026000022888184,25.222488403320312,2458372.0,0.30797600746154785,14.800100326538086,15,0.9229999780654907,20.492300033569336,2711.051513671875,14.942700386047363,0,19.745792388916016,0.017000000923871994,-0.0968874990940094,2458154.75,2.0,102,0.703000009059906,1.103610634803772,2.2173571586608887,0.2872789204120636,1.3826114765140787e+17,21.914899826049805,2.203892707824707,19.932300567626953,1,ztf_20181113394352_000615_zr_c06_o_q1_scimrefdiffimg.fits,null,615120220,95.02339935302734,20,2458436.0,-999.0,10.956136703491211,15.081899642944336,2458436.0,1.3826114765140787e+17,11,0.5651258826255798,20.43899917602539,21.431800842285156,Kulkarni,21.643600463867188,2985.4765625,-0.03700000047683716,681,1.1319999694824219,1.3826114765140787e+17,-999.0,15.026000022888184,0.6370000243186951,114.82872772216797,25.41259002685547,3.0572452545166016,0.043299999088048935,0.9390829801559448,0,15.896183967590332,1,1.0,,,,,,,,,,,,,,,,,,,,,,,,,,,,,,,,,,
ZTF17aacwbiw,1066238622015015012,58820.23828125,1,16.56624412536621,15.020768165588379,16.575599670410156,15.023015022277832,0.04838741943240166,0.01577351801097393,0.03629999980330467,0.013743339106440544,114.82869720458984,25.2224178314209,0.9328571557998657,615,225,0,2458042.0,0.273701548576355,12,1066238607360.0,0.27617329359054565,14.909799575805664,-999.0,16.539100646972656,0.014000000432133675,-999.0,0.009355000220239162,-1000.0,0.9970830082893372,15.319999694824219,25.222476959228516,2458430.0,0.30797600746154785,14.800100326538086,15,1.0,20.492300033569336,2735.552978515625,14.942700386047363,0,19.21372413635254,0.014000000432133675,0.6863027215003967,2458166.75,0.9678269624710083,704,0.7649999856948853,1.0522695779800415,2.7699999809265137,0.2624548673629761,1.3826114765140787e+17,18.40839958190918,2.6381242275238037,17.9552001953125,1,ztf_20191203238611_000615_zg_c06_o_q1_scimrefdiffimg.fits,null,615120120,173.71859741210938,20,2458820.75,-999.0,11.700508117675781,15.081899642944336,2458820.75,1.3826114765140787e+17,11,0.19762089848518372,17.96339988708496,21.431800842285156,Kulkarni,18.096099853515625,2906.781494140625,0.007000000216066837,1066,0.6129999756813049,1.3826114765140787e+17,-999.0,15.319999694824219,0.7269999980926514,114.82874298095703,33.86067581176758,12.483013153076172,0.0430000014603138,0.9966670274734497,0,15.558029174804688,1,1.0,,,,,,,,,,,,,,,,,,,,,,,,,,,,,,,,,,
ZTF17aacwbiw,1030485212015010018,58784.484375,1,18.241758346557617,15.248764038085938,18.30069923400879,15.252413749694824,0.10851498693227768,0.01481164526194334,0.07159999758005142,0.013846606947481632,114.82853698730469,25.22246551513672,0.691428542137146,615,197,0,2458042.0,0.6627455353736877,18,1030485180416.0,0.34829679131507874,14.909799575805664,-999.0,18.276100158691406,0.014000000432133675,-999.0,0.05894099920988083,-1000.0,0.9970830082893372,15.319999694824219,25.222476959228516,2458430.0,0.30797600746154785,14.800100326538086,15,0.7850000262260437,20.492300033569336,2775.25,14.942700386047363,0,19.76352882385254,0.014000000432133675,0.713737428188324,2458166.75,2.0,456,0.8190000057220459,1.04865562915802,2.351442813873291,0.33213651180267334,1.3826114765140787e+17,18.40839958190918,1.4628291130065918,17.9552001953125,1,ztf_20191028485208_000615_zg_c06_o_q1_scimrefdiffimg.fits,null,615120120,174.97689819335938,20,2458785.0,-999.0,12.084898948669434,15.081899642944336,2458785.0,1.3826114765140787e+17,11,0.6537696719169617,17.96339988708496,21.431800842285156,Kulkarni,18.096099853515625,2905.523193359375,0.007000000216066837,1030,0.6129999756813049,1.3826114765140787e+17,-999.0,15.319999694824219,0.781000018119812,114.82874298095703,15.23928451538086,2.91316556930542,0.0820000022649765,0.9966670274734497,0,15.699703216552734,-1,1.0,,,,,,,,,,,,,,,,,,,,,,,,,,,,,,,,,,
ZTF17aacwbiw,854174762015015011,58608.17578125,1,16.573442459106445,15.02249813079834,16.630800247192383,15.035971641540527,0.032609738409519196,0.013205762952566147,0.01899999938905239,0.011631027795374393,114.82877349853516,25.222414016723633,0.7171428799629211,615,77,0,2458042.0,0.23585999011993408,11,854174793728.0,0.17283464968204498,14.909799575805664,-999.0,16.624799728393555,0.014000000432133675,-999.0,0.057356998324394226,-1000.0,0.9970830082893372,15.319999694824219,25.222476959228516,2458430.0,0.30797600746154785,14.800100326538086,15,0.9990000128746033,20.492300033569336,2736.5810546875,14.942700386047363,0,20.220693588256836,0.014000000432133675,0.010024210438132286,2458166.75,0.5197890996932983,184,0.878000020980835,1.0103567838668823,5.079999923706055,0.17106299102306366,1.3826114765140787e+17,18.40839958190918,3.5898940563201904,17.9552001953125,1,ztf_20190505174757_000615_zg_c06_o_q1_scimrefdiffimg.fits,null,615120120,204.514892578125,20,2458608.75,-999.0,11.485816955566406,15.081899642944336,2458608.75,1.3826114765140787e+17,11,0.18397729098796844,17.96339988708496,21.431800842285156,Kulkarni,18.096099853515625,2875.985107421875,0.007000000216066837,854,0.6129999756813049,1.3826114765140787e+17,-999.0,15.319999694824219,0.8690000176429749,114.82874298095703,22.412811279296875,21.473817825317383,0.021800000220537186,0.9966670274734497,0,15.566804885864258,1,1.0,,,,,,,,,,,,,,,,,,,,,,,,,,,,,,,,,,
ZTF17aacwbiw,685426462015010004,58439.42578125,1,17.459932327270508,15.178380966186523,17.474199295043945,15.180115699768066,0.08405628800392151,0.016020359471440315,0.030700000002980232,0.012854969128966331,114.82878112792969,25.222497940063477,0.6166666746139526,615,32,2,2458042.0,0.11798261851072311,4,685426475008.0,0.3295774757862091,14.909799575805664,-999.0,17.497800827026367,0.014000000432133675,-999.0,0.014267000369727612,-1000.0,0.9970830082893372,15.319999694824219,25.222476959228516,2458430.0,0.30797600746154785,14.800100326538086,15,0.9980000257492065,20.492300033569336,2711.4619140625,14.942700386047363,0,20.688180923461914,0.014000000432133675,0.020443350076675415,2458166.75,1.1869078874588013,110,0.7020000219345093,1.240282654762268,2.130000114440918,0.265727698802948,1.3826114765140787e+17,18.40839958190918,3.2139804363250732,17.9552001953125,1,ztf_20181117426470_000615_zg_c06_o_q1_scimrefdiffimg.fits,null,615120120,102.18599700927734,20,2458440.0,-999.0,11.335898399353027,15.081899642944336,2458440.0,1.3826114765140787e+17,11,0.19478359818458557,17.96339988708496,21.431800842285156,Kulkarni,18.096099853515625,2978.31396484375,0.007000000216066837,685,0.6129999756813049,1.3826114765140787e+17,-999.0,15.319999694824219,0.5659999847412109,114.82874298095703,22.755226135253906,29.23235511779785,0.03539999946951866,0.9966670274734497,0,15.869722366333008,-1,1.0,,,,,,,,,,,,,,,,,,,,,,,,,,,,,,,,,,
ZTF17aacwbiw,676371992015015041,58430.37109375,1,15.740028381347656,14.75725269317627,15.741700172424316,14.757928848266602,0.030886175110936165,0.015019242651760578,0.007499999832361937,0.008876033127307892,114.82872772216797,25.222444534301758,0.8399999737739563,615,24,1,2458042.0,0.1218426451086998,41,676372021248.0,0.27563637495040894,14.909799575805664,-999.0,15.731300354003906,0.014000000432133675,-999.0,0.0016720000421628356,-1000.0,0.9970830082893372,15.319999694824219,25.222476959228516,2458430.0,0.30797600746154785,14.800100326538086,15,0.9950000047683716,20.492300033569336,2716.906005859375,14.942700386047363,0,20.86985206604004,0.014000000432133675,0.04027621075510979,2458166.75,0.9111016988754272,98,0.7580000162124634,1.0369356870651245,2.75,0.26581817865371704,1.3826114765140787e+17,18.40839958190918,5.128152370452881,17.9552001953125,1,ztf_20181108371991_000615_zg_c06_o_q1_scimrefdiffimg.fits,null,615120120,160.5821075439453,20,2458430.75,-999.0,11.55673599243164,15.081899642944336,2458430.75,1.3826114765140787e+17,11,0.05026281625032425,17.96339988708496,21.431800842285156,Kulkarni,18.096099853515625,2919.91796875,0.007000000216066837,676,0.6129999756813049,1.3826114765140787e+17,-999.0,15.319999694824219,0.7310000061988831,114.82874298095703,33.224082946777344,34.56123352050781,0.00800000037997961,0.9966670274734497,0,15.664011001586914,1,1.0,,,,,,,,,,,,,,,,,,,,,,,,,,,,,,,,,,
ZTF17aacwbiw,972488832015010017,58726.48828125,1,17.580812454223633,15.192461013793945,17.618200302124023,15.196541786193848,0.10518615692853928,0.017054827883839607,0.050700001418590546,0.01363182533532381,114.82872772216797,25.222558975219727,0.8442857265472412,615,136,0,2458042.0,0.2983216345310211,17,972488835072.0,0.6081360578536987,14.909799575805664,-999.0,17.569499969482422,0.014000000432133675,-999.0,0.037386998534202576,-1000.0,0.9970830082893372,15.319999694824219,25.222476959228516,2458430.0,0.30797600746154785,14.800100326538086,15,0.9919999837875366,20.492300033569336,2798.005615234375,14.942700386047363,0,19.80281639099121,0.014000000432133675,-0.15846270322799683,2458166.75,2.0,264,0.9390000104904175,1.2194805145263672,1.5440623760223389,0.49868452548980713,1.3826114765140787e+17,18.40839958190918,2.184616804122925,17.9552001953125,1,ztf_20190831488831_000615_zg_c06_o_q1_scimrefdiffimg.fits,null,615120120,243.1553955078125,20,2458727.0,-999.0,11.392029762268066,15.081899642944336,2458727.0,1.3826114765140787e+17,11,0.37644538283348083,17.96339988708496,21.431800842285156,Kulkarni,18.096099853515625,2837.344482421875,0.007000000216066837,972,0.6129999756813049,1.3826114765140787e+17,-999.0,15.319999694824219,0.7699999809265137,114.82874298095703,5.20535135269165,4.369326591491699,0.058400001376867294,0.9966670274734497,0,16.07554054260254,-1,1.0,,,,,,,,,,,,,,,,,,,,,,,,,,,,,,,,,,
ZTF17aacwbiw,844214502015010013,58598.21484375,1,17.1417293548584,15.134082794189453,17.13559913635254,15.133115768432617,0.06508762389421463,0.015623309649527073,0.025800000876188278,0.012472320348024368,114.82870483398438,25.222488403320312,0.6271428465843201,615,72,0,2458042.0,0.14594893157482147,13,844214501376.0,0.30714285373687744,14.909799575805664,-999.0,17.132099151611328,0.014000000432133675,-999.0,-0.006128999870270491,-1000.0,0.9970830082893372,15.319999694824219,25.222476959228516,2458430.0,0.30797600746154785,14.800100326538086,15,0.9459999799728394,20.492300033569336,2696.84375,14.942700386047363,0,20.408607482910156,0.014000000432133675,-0.04015586897730827,2458166.75,0.9852142930030823,176,0.7739999890327454,1.1639097929000854,2.5199999809265137,0.2638888955116272,1.3826114765140787e+17,18.40839958190918,3.273008346557617,17.9552001953125,1,ztf_20190425214502_000615_zg_c06_o_q1_scimrefdiffimg.fits,null,615120120,138.44979858398438,20,2458598.75,-999.0,11.574551582336426,15.081899642944336,2458598.75,1.3826114765140787e+17,11,0.17036937177181244,17.96339988708496,21.431800842285156,Kulkarni,18.096099853515625,2942.05029296875,0.007000000216066837,844,0.6129999756813049,1.3826114765140787e+17,-999.0,15.319999694824219,0.6650000214576721,114.82874298095703,8.466440200805664,7.836605548858643,0.029999999329447746,0.9966670274734497,0,15.811264038085938,-1,1.0,,,,,,,,,,,,,,,,,,,,,,,,,,,,,,,,,,
ZTF17aacwbiw,687435092015015058,58441.43359375,2,16.972614288330078,14.858809471130371,16.8843994140625,14.845772743225098,0.05545740947127342,0.016584299504756927,0.022099999710917473,0.014791262336075306,114.82877349853516,25.22237777709961,0.7566666603088379,615,35,0,2458042.0,0.4165874719619751,58,687435087872.0,0.533747673034668,14.909799575805664,-999.0,16.845600128173828,0.017000000923871994,-999.0,-0.08821400254964828,-1000.0,0.9970830082893372,15.026000022888184,25.222488403320312,2458372.0,0.30797600746154785,14.800100326538086,15,0.996999979019165,20.492300033569336,2713.2548828125,14.942700386047363,0,20.410720825195312,0.017000000923871994,-0.0022229740861803293,2458154.75,2.0,112,0.6800000071525574,1.0675039291381836,1.274010181427002,0.49999597668647766,1.3826114765140787e+17,18.40839958190918,3.5263209342956543,17.9552001953125,1,ztf_20181119435081_000615_zr_c06_o_q1_scimrefdiffimg.fits,null,615120220,106.63259887695312,20,2458442.0,-999.0,11.540932655334473,15.081899642944336,2458442.0,1.3826114765140787e+17,11,0.3018513321876526,17.96339988708496,21.431800842285156,Kulkarni,18.096099853515625,2973.867431640625,-0.03700000047683716,687,1.1319999694824219,1.3826114765140787e+17,-999.0,15.026000022888184,0.6370000243186951,114.82872772216797,14.074130058288574,60.84739685058594,0.024299999698996544,0.9966670274734497,0,15.438005447387695,1,1.0,,,,,,,,,,,,,,,,,,,,,,,,,,,,,,,,,,
ZTF17aacwbiw,684443212015015037,58438.44140625,1,17.423891067504883,15.173909187316895,17.591699600219727,15.193662643432617,0.06736420094966888,0.01488890964537859,0.03240000084042549,0.012960396707057953,114.82878875732422,25.222396850585938,0.6800000071525574,615,32,6,2458042.0,0.323576956987381,37,684443238400.0,0.16043956577777863,14.909799575805664,-999.0,17.615999221801758,0.014000000432133675,-999.0,0.16780799627304077,-1000.0,0.9970830082893372,15.319999694824219,25.222476959228516,2458430.0,0.30797600746154785,14.800100326538086,15,1.0,20.492300033569336,2724.523193359375,14.942700386047363,0,20.856529235839844,0.014000000432133675,0.482239693403244,2458166.75,0.5707955360412598,107,0.7300000190734863,1.0110803842544556,4.550000190734863,0.15868131816387177,1.3826114765140787e+17,18.40839958190918,3.264829635620117,17.9552001953125,1,ztf_20181116443206_000615_zg_c06_o_q1_scimrefdiffimg.fits,null,615120120,95.22630310058594,20,2458439.0,-999.0,11.477559089660645,15.081899642944336,2458439.0,1.3826114765140787e+17,11,0.2604648172855377,17.96339988708496,21.431800842285156,Kulkarni,18.096099853515625,2985.273681640625,0.007000000216066837,684,0.6129999756813049,1.3826114765140787e+17,-999.0,15.319999694824219,0.722000002861023,114.82874298095703,7.691932201385498,14.20023250579834,0.0364999994635582,0.9966670274734497,0,15.507566452026367,1,0.9611252546310425,,,,,,,,,,,,,,,,,,,,,,,,,,,,,,,,,,
ZTF17aacwbiw,1030517532015010017,58784.515625,2,18.026052474975586,14.959571838378906,18.2455997467041,14.971433639526367,0.09467736631631851,0.016949545592069626,0.08349999785423279,0.016676761209964752,114.82872009277344,25.22240447998047,0.7828571200370789,615,200,1,2458042.0,0.3015078008174896,17,1030517555200.0,0.4433443248271942,14.909799575805664,-999.0,18.20669937133789,0.017000000923871994,-999.0,0.21954700350761414,-1000.0,0.9970830082893372,15.026000022888184,25.222488403320312,2458372.0,0.30797600746154785,14.800100326538086,15,0.7829999923706055,20.492300033569336,2748.89111328125,14.942700386047363,0,19.577476501464844,0.017000000923871994,0.9086899757385254,2458154.75,2.0,457,0.9490000009536743,1.0895522832870483,2.1405484676361084,0.40690505504608154,1.3826114765140787e+17,18.40839958190918,1.3318761587142944,17.9552001953125,1,ztf_20191028517477_000615_zr_c06_o_q1_scimrefdiffimg.fits,null,615120220,183.65359497070312,20,2458785.0,-999.0,11.651649475097656,15.081899642944336,2458785.0,1.3826114765140787e+17,11,0.1965925097465515,17.96339988708496,21.431800842285156,Kulkarni,18.096099853515625,2896.846435546875,-0.03700000047683716,1030,1.1319999694824219,1.3826114765140787e+17,-999.0,15.026000022888184,0.8709999918937683,114.82872772216797,6.896337509155273,2.1205925941467285,0.09600000083446503,0.9966670274734497,0,15.515899658203125,-1,1.0,,,,,,,,,,,,,,,,,,,,,,,,,,,,,,,,,,
ZTF17aacwbiw,689287382015015004,58443.2890625,1,16.83768081665039,15.080219268798828,16.882200241088867,15.088897705078125,0.04477359727025032,0.014308596029877663,0.04050000011920929,0.013723759911954403,114.82867431640625,25.22246551513672,0.7599999904632568,615,36,4,2458042.0,0.22305947542190552,4,689287397376.0,0.3575916290283203,14.909799575805664,-999.0,16.864200592041016,0.014000000432133675,-999.0,0.04451899975538254,-1000.0,0.9970830082893372,15.319999694824219,25.222476959228516,2458430.0,0.30797600746154785,14.800100326538086,15,0.9819999933242798,20.492300033569336,2697.05126953125,14.942700386047363,0,19.470422744750977,0.014000000432133675,-0.5049268007278442,2458166.75,1.253764271736145,115,0.6830000281333923,1.0998389720916748,1.909999966621399,0.3251308798789978,1.3826114765140787e+17,18.40839958190918,2.5882222652435303,17.9552001953125,1,ztf_20181121287373_000615_zg_c06_o_q1_scimrefdiffimg.fits,null,615120120,136.35470581054688,20,2458443.75,-999.0,11.680620193481445,15.081899642944336,2458443.75,1.3826114765140787e+17,11,0.2075355052947998,17.96339988708496,21.431800842285156,Kulkarni,18.096099853515625,2944.145263671875,0.007000000216066837,689,0.6129999756813049,1.3826114765140787e+17,-999.0,15.319999694824219,0.6209999918937683,114.82874298095703,9.048511505126953,7.195030689239502,0.04969999939203262,0.9966670274734497,0,15.72501277923584,1,0.9296248555183411,,,,,,,,,,,,,,,,,,,,,,,,,,,,,,,,,,
ZTF17aacwbiw,768181702015015017,58522.18359375,1,17.106298446655273,15.128429412841797,17.371000289916992,15.167106628417969,0.0860540047287941,0.018206410109996796,0.029200000688433647,0.0127515634521842,114.82874298095703,25.222469329833984,0.5542857050895691,615,55,0,2458042.0,0.0416836142539978,17,768181731328.0,0.31968504190444946,14.909799575805664,-999.0,17.372699737548828,0.014000000432133675,-999.0,0.2647010087966919,-1000.0,0.9970830082893372,15.319999694824219,25.222476959228516,2458430.0,0.30797600746154785,14.800100326538086,15,0.9819999933242798,20.492300033569336,2688.91943359375,14.942700386047363,0,20.500988006591797,0.014000000432133675,-0.27639269828796387,2458166.75,1.1358745098114014,150,0.8119999766349792,1.1941176652908325,2.5399999618530273,0.26771652698516846,1.3826114765140787e+17,18.40839958190918,3.129988670349121,17.9552001953125,1,ztf_20190208181701_000615_zg_c06_o_q1_scimrefdiffimg.fits,null,615120120,82.94120025634766,20,2458522.75,-999.0,11.493696212768555,15.081899642944336,2458522.75,1.3826114765140787e+17,11,0.049943707883358,17.96339988708496,21.431800842285156,Kulkarni,18.096099853515625,2997.558837890625,0.007000000216066837,768,0.6129999756813049,1.3826114765140787e+17,-999.0,15.319999694824219,0.6800000071525574,114.82874298095703,22.742225646972656,12.226808547973633,0.03310000151395798,0.9966670274734497,0,15.756290435791016,1,1.0,,,,,,,,,,,,,,,,,,,,,,,,,,,,,,,,,,
ZTF17aacwbiw,669517662015010008,58423.51953125,2,16.970844268798828,14.858556747436523,17.001399993896484,14.862871170043945,0.043047964572906494,0.01581605337560177,0.025699999183416367,0.01506137102842331,114.82874298095703,25.22247886657715,0.8433333039283752,615,23,1,2458042.0,0.06937416642904282,8,669517676544.0,0.323199987411499,14.909799575805664,-999.0,16.974199295043945,0.017000000923871994,-999.0,0.030556000769138336,-1000.0,0.9970830082893372,15.026000022888184,25.222488403320312,2458372.0,0.30797600746154785,14.800100326538086,15,0.8690000176429749,20.492300033569336,2712.888916015625,14.942700386047363,0,20.037567138671875,0.017000000923871994,0.10593549907207489,2458154.75,1.1601614952087402,92,0.8080000281333923,1.0520833730697632,2.5,0.30720001459121704,1.3826114765140787e+17,18.40839958190918,3.0361671447753906,17.9552001953125,1,ztf_20181101517650_000615_zr_c06_o_q1_scimrefdiffimg.fits,null,615120220,107.2531967163086,20,2458424.0,-999.0,11.460097312927246,15.081899642944336,2458424.0,1.3826114765140787e+17,11,0.0818692073225975,17.96339988708496,21.431800842285156,Kulkarni,18.096099853515625,2973.246826171875,-0.03700000047683716,669,1.1319999694824219,1.3826114765140787e+17,-999.0,15.026000022888184,0.7680000066757202,114.82872772216797,8.940313339233398,27.00572967529297,0.02979999966919422,0.9966670274734497,0,15.788090705871582,-1,1.0,,,,,,,,,,,,,,,,,,,,,,,,,,,,,,,,,,
ZTF17aacwbiw,1024535782015010014,58778.53515625,1,17.70143699645996,15.205188751220703,17.805999755859375,15.215237617492676,0.07694172114133835,0.014773243106901646,0.05860000103712082,0.013807772658765316,114.8288345336914,25.222517013549805,0.9614285826683044,615,195,0,2458042.0,0.32874685525894165,14,1024535756800.0,0.4063926935195923,14.909799575805664,-999.0,17.842599868774414,0.014000000432133675,-999.0,0.10456299781799316,-1000.0,0.9970830082893372,15.319999694824219,25.222476959228516,2458430.0,0.30797600746154785,14.800100326538086,15,0.9940000176429749,20.492300033569336,2790.331787109375,14.942700386047363,0,19.6529483795166,0.014000000432133675,0.20313480496406555,2458166.75,1.5809216499328613,453,0.8899999856948853,1.0607866048812866,2.190000057220459,0.38310500979423523,1.3826114765140787e+17,18.40839958190918,1.8469479084014893,17.9552001953125,1,ztf_20191022535787_000615_zg_c06_o_q1_scimrefdiffimg.fits,null,615120120,177.25079345703125,20,2458779.0,-999.0,11.134881019592285,15.081899642944336,2458779.0,1.3826114765140787e+17,11,0.381603866815567,17.96339988708496,21.431800842285156,Kulkarni,18.096099853515625,2903.249267578125,0.007000000216066837,1024,0.6129999756813049,1.3826114765140787e+17,-999.0,15.319999694824219,0.8389999866485596,114.82874298095703,19.36174774169922,2.1795926094055176,0.07410000264644623,0.9966670274734497,0,15.9547758102417,-1,1.0,,,,,,,,,,,,,,,,,,,,,,,,,,,,,,,,,,
ZTF17aacwbiw,1027476492015010040,58781.4765625,1,17.83245086669922,15.217643737792969,17.84589958190918,15.218847274780273,0.09628663957118988,0.015406451188027859,0.04610000178217888,0.013397663831710815,114.82853698730469,25.222455978393555,0.8271428346633911,615,195,0,2458042.0,0.6841736435890198,40,1027476488192.0,0.4238317608833313,14.909799575805664,-999.0,17.83180046081543,0.014000000432133675,-999.0,0.013450000435113907,-1000.0,0.9970830082893372,15.319999694824219,25.222476959228516,2458430.0,0.30797600746154785,14.800100326538086,15,0.9929999709129333,20.492300033569336,2785.2666015625,14.942700386047363,0,20.117422103881836,0.014000000432133675,0.576111912727356,2458166.75,1.6607626676559448,454,0.9070000052452087,1.1688144207000732,2.140000104904175,0.3626168370246887,1.3826114765140787e+17,18.40839958190918,2.271522283554077,17.9552001953125,1,ztf_20191025476493_000615_zg_c06_o_q1_scimrefdiffimg.fits,null,615120120,176.8717041015625,20,2458782.0,-999.0,12.118541717529297,15.081899642944336,2458782.0,1.3826114765140787e+17,11,0.6709358096122742,17.96339988708496,21.431800842285156,Kulkarni,18.096099853515625,2903.62841796875,0.007000000216066837,1027,0.6129999756813049,1.3826114765140787e+17,-999.0,15.319999694824219,0.7760000228881836,114.82874298095703,22.591461181640625,5.033262252807617,0.05290000140666962,0.9966670274734497,0,15.65820598602295,-1,1.0,,,,,,,,,,,,,,,,,,,,,,,,,,,,,,,,,,
ZTF17aacwbiw,701495472015015030,58455.49609375,2,16.788198471069336,14.83049488067627,16.770299911499023,14.82752513885498,0.05819699540734291,0.017133884131908417,0.021800000220537186,0.014620750211179256,114.82878875732422,25.222423553466797,0.753333330154419,615,40,0,2458042.0,0.30430078506469727,30,701495443456.0,0.2024489790201187,14.909799575805664,-999.0,16.76059913635254,0.017000000923871994,-999.0,-0.01789899915456772,-1000.0,0.9970830082893372,15.026000022888184,25.222488403320312,2458372.0,0.30797600746154785,14.800100326538086,15,0.9990000128746033,20.492300033569336,2706.70068359375,14.942700386047363,0,20.15602684020996,0.017000000923871994,-0.2293234020471573,2458154.75,0.572951078414917,122,0.9919999837875366,1.1259931325912476,4.900000095367432,0.17979592084884644,1.3826114765140787e+17,18.40839958190918,3.3857269287109375,17.9552001953125,1,ztf_20181203495440_000615_zr_c06_o_q1_scimrefdiffimg.fits,null,615120220,74.46990203857422,20,2458456.0,-999.0,11.421395301818848,15.081899642944336,2458456.0,1.3826114765140787e+17,11,0.1985761970281601,17.96339988708496,21.431800842285156,Kulkarni,18.096099853515625,3006.030029296875,-0.03700000047683716,701,1.1319999694824219,1.3826114765140787e+17,-999.0,15.026000022888184,0.8809999823570251,114.82872772216797,8.870458602905273,13.190662384033203,0.024900000542402267,0.9966670274734497,0,15.605908393859863,1,1.0,,,,,,,,,,,,,,,,,,,,,,,,,,,,,,,,,,
ZTF17aacwbiw,837151192015015014,58591.15234375,1,15.896245002746582,14.817758560180664,15.92770004272461,14.829300880432129,0.02657991275191307,0.013213860802352428,0.014999999664723873,0.010446334257721901,114.82875061035156,25.222431182861328,0.8742856979370117,615,67,1,2458042.0,0.1698293685913086,14,837151162368.0,0.23395638167858124,14.909799575805664,-999.0,15.937999725341797,0.014000000432133675,-999.0,0.03145499899983406,-1000.0,0.9970830082893372,15.319999694824219,25.222476959228516,2458430.0,0.30797600746154785,14.800100326538086,15,0.9890000224113464,20.492300033569336,2732.940673828125,14.942700386047363,0,19.681474685668945,0.014000000432133675,-0.05109766870737076,2458166.75,0.7402358055114746,169,0.7509999871253967,1.097953200340271,3.2100000381469727,0.2130841165781021,1.3826114765140787e+17,18.40839958190918,3.7537739276885986,17.9552001953125,1,ztf_20190418151192_000615_zg_c06_o_q1_scimrefdiffimg.fits,null,615120120,101.3595962524414,20,2458591.75,-999.0,11.517616271972656,15.081899642944336,2458591.75,1.3826114765140787e+17,11,0.09991757571697235,17.96339988708496,21.431800842285156,Kulkarni,18.096099853515625,2979.140380859375,0.007000000216066837,837,0.6129999756813049,1.3826114765140787e+17,-999.0,15.319999694824219,0.6840000152587891,114.82874298095703,21.459575653076172,11.578039169311523,0.018400000408291817,0.9966670274734497,0,15.619349479675293,1,1.0,,,,,,,,,,,,,,,,,,,,,,,,,,,,,,,,,,
ZTF17aacwbiw,988516302015010024,58742.515625,1,17.020153045654297,15.114023208618164,17.138500213623047,15.133574485778809,0.11677765846252441,0.023266330361366272,0.21809999644756317,0.03637421131134033,114.8287353515625,25.222501754760742,0.7857142686843872,615,144,5,2458042.0,0.09095227718353271,24,988516319232.0,0.5345447659492493,14.909799575805664,-999.0,17.187700271606445,0.014000000432133675,-999.0,0.11834699660539627,-1000.0,0.9970830082893372,15.319999694824219,25.222476959228516,2458430.0,0.30797600746154785,14.800100326538086,15,0.9940000176429749,20.492300033569336,2814.816650390625,14.942700386047363,0,17.747291564941406,0.014000000432133675,-3.950856924057007,2458166.75,2.0,271,0.6830000281333923,1.0910543203353882,1.277722716331482,0.48993414640426636,1.3826114765140787e+17,18.40839958190918,0.608791172504425,17.9552001953125,1,ztf_20190916516308_000615_zg_c06_o_q1_scimrefdiffimg.fits,null,615120120,198.1320037841797,20,2458743.0,-999.0,11.450887680053711,15.081899642944336,2458743.0,1.3826114765140787e+17,11,0.16468819975852966,17.96339988708496,21.431800842285156,Kulkarni,18.096099853515625,2882.367919921875,0.007000000216066837,988,0.6129999756813049,1.3826114765140787e+17,-999.0,15.319999694824219,0.6259999871253967,114.82874298095703,8.1425142288208,1.7742912769317627,0.2921999990940094,0.9966670274734497,0,15.869632720947266,-1,0.9950324892997742,,,,,,,,,,,,,,,,,,,,,,,,,,,,,,,,,,
ZTF17aacwbiw,1048538462015015008,58802.5390625,1,15.947148323059082,14.836332321166992,15.97189998626709,14.845165252685547,0.028329815715551376,0.013569294475018978,0.01860000006854534,0.011186878196895123,114.82874298095703,25.222434997558594,0.8771428465843201,615,223,2,2458042.0,0.1584061235189438,8,1048538447872.0,0.21731266379356384,14.909799575805664,-999.0,15.953900337219238,0.014000000432133675,-999.0,0.024752000346779823,-1000.0,0.9970830082893372,15.319999694824219,25.222476959228516,2458430.0,0.30797600746154785,14.800100326538086,15,0.9850000143051147,20.492300033569336,2764.81005859375,14.942700386047363,0,19.42854118347168,0.014000000432133675,-1.0161540508270264,2458166.75,0.6139940023422241,698,0.8410000205039978,1.1318976879119873,3.869999885559082,0.19198966026306152,1.3826114765140787e+17,18.40839958190918,3.4566407203674316,17.9552001953125,1,ztf_20191115538461_000615_zg_c06_o_q1_scimrefdiffimg.fits,null,615120120,148.98849487304688,20,2458803.0,-999.0,11.548826217651367,15.081899642944336,2458803.0,1.3826114765140787e+17,11,0.07768642157316208,17.96339988708496,21.431800842285156,Kulkarni,18.096099853515625,2931.511474609375,0.007000000216066837,1048,0.6129999756813049,1.3826114765140787e+17,-999.0,15.319999694824219,0.7429999709129333,114.82874298095703,39.31004333496094,79.8944320678711,0.022700000554323196,0.9966670274734497,0,15.629504203796387,1,0.9961141347885132,,,,,,,,,,,,,,,,,,,,,,,,,,,,,,,,,,
ZTF17aacwbiw,979489252015015005,58733.48828125,1,15.538997650146484,14.671411514282227,15.576899528503418,14.688294410705566,0.028881026431918144,0.015101694501936436,0.00860000029206276,0.008695485070347786,114.82872009277344,25.222440719604492,0.7871428728103638,615,139,0,2458042.0,0.1484544575214386,5,979489259520.0,0.1951734572649002,14.909799575805664,-999.0,15.555700302124023,0.014000000432133675,-999.0,0.03790200129151344,-1000.0,0.9970830082893372,15.319999694824219,25.222476959228516,2458430.0,0.30797600746154785,14.800100326538086,15,0.984000027179718,20.492300033569336,2783.0126953125,14.942700386047363,0,19.833486557006836,0.014000000432133675,-0.06693822145462036,2458166.75,0.5265886187553406,266,1.2940000295639038,1.0676567554473877,6.630000114440918,0.18280543386936188,1.3826114765140787e+17,18.40839958190918,4.256587505340576,17.9552001953125,1,ztf_20190907489259_000615_zg_c06_o_q1_scimrefdiffimg.fits,null,615120120,232.7303009033203,20,2458734.0,-999.0,11.58824348449707,15.081899642944336,2458734.0,1.3826114765140787e+17,11,0.07869809120893478,17.96339988708496,21.431800842285156,Kulkarni,18.096099853515625,2847.769775390625,0.007000000216066837,979,0.6129999756813049,1.3826114765140787e+17,-999.0,15.319999694824219,1.2120000123977661,114.82874298095703,39.43903732299805,34.94988250732422,0.009499999694526196,0.9966670274734497,0,15.650320053100586,1,1.0,,,,,,,,,,,,,,,,,,,,,,,,,,,,,,,,,,
ZTF17aacwbiw,840172652015015009,58594.171875,1,15.652949333190918,14.721186637878418,15.642600059509277,14.716787338256836,0.026084672659635544,0.013686679303646088,0.00839999970048666,0.008794279769062996,114.8287582397461,25.222444534301758,0.6100000143051147,615,68,0,2458042.0,0.131503626704216,9,840172634112.0,0.30492958426475525,14.909799575805664,-999.0,15.63290023803711,0.014000000432133675,-999.0,-0.010348999872803688,-1000.0,0.9970830082893372,15.319999694824219,25.222476959228516,2458430.0,0.30797600746154785,14.800100326538086,15,0.9829999804496765,20.492300033569336,2721.68017578125,14.942700386047363,0,20.132110595703125,0.014000000432133675,0.09082133322954178,2458166.75,0.97176593542099,171,0.8659999966621399,1.0260663032531738,2.8399999141693115,0.297183096408844,1.3826114765140787e+17,18.40839958190918,4.489509582519531,17.9552001953125,1,ztf_20190421172616_000615_zg_c06_o_q1_scimrefdiffimg.fits,null,615120120,121.17739868164062,20,2458594.75,-999.0,11.484071731567383,15.081899642944336,2458594.75,1.3826114765140787e+17,11,0.06668420881032944,17.96339988708496,21.431800842285156,Kulkarni,18.096099853515625,2959.322509765625,0.007000000216066837,840,0.6129999756813049,1.3826114765140787e+17,-999.0,15.319999694824219,0.843999981880188,114.82874298095703,49.52714920043945,68.1100082397461,0.009499999694526196,0.9966670274734497,0,15.670320510864258,1,1.0,,,,,,,,,,,,,,,,,,,,,,,,,,,,,,,,,,
ZTF17aacwbiw,982491222015010025,58736.4921875,1,18.468067169189453,15.261815071105957,18.47249984741211,15.262045860290527,0.14561140537261963,0.015290770679712296,0.09000000357627869,0.014072597026824951,114.82856750488281,25.222421646118164,0.6671428680419922,615,142,6,2458042.0,0.5939178466796875,25,982491201536.0,0.34125766158103943,14.909799575805664,-999.0,18.537700653076172,0.014000000432133675,-999.0,0.00443200021982193,-1000.0,0.9970830082893372,15.319999694824219,25.222476959228516,2458430.0,0.30797600746154785,14.800100326538086,15,0.9929999709129333,20.492300033569336,2778.14794921875,14.942700386047363,0,20.184913635253906,0.014000000432133675,0.13624249398708344,2458166.75,2.0,268,0.503000020980835,1.1405895948410034,1.4739595651626587,0.2991940975189209,1.3826114765140787e+17,18.40839958190918,1.7124130725860596,17.9552001953125,1,ztf_20190910491227_000615_zg_c06_o_q1_scimrefdiffimg.fits,null,615120120,204.71800231933594,20,2458737.0,-999.0,12.063435554504395,15.081899642944336,2458737.0,1.3826114765140787e+17,11,0.5670291185379028,17.96339988708496,21.431800842285156,Kulkarni,18.096099853515625,2875.781982421875,0.007000000216066837,982,0.6129999756813049,1.3826114765140787e+17,-999.0,15.319999694824219,0.4410000145435333,114.82874298095703,13.19711971282959,4.3490471839904785,0.1120000034570694,0.9966670274734497,0,15.545150756835938,-1,0.9686368107795715,,,,,,,,,,,,,,,,,,,,,,,,,,,,,,,,,,
ZTF17aacwbiw,632445182015015017,58386.4453125,2,16.63620376586914,14.803937911987305,16.635299682617188,14.803771018981934,0.04977547004818916,0.01663556508719921,0.03370000049471855,0.015192937105894089,114.82878112792969,25.22244644165039,0.7833333611488342,615,22,1,2458042.0,0.21694964170455933,17,632445206528.0,0.5665513873100281,14.909799575805664,-999.0,16.624500274658203,0.017000000923871994,-999.0,-0.0009030000073835254,-1000.0,0.9970830082893372,15.026000022888184,25.222488403320312,2458372.0,0.30797600746154785,14.800100326538086,15,0.996999979019165,20.492300033569336,2739.415283203125,14.942700386047363,0,19.250595092773438,0.017000000923871994,3.1437339782714844,2458154.75,2.0,89,0.8009999990463257,1.1297602653503418,1.413817048072815,0.5014793276786804,1.3826114765140787e+17,18.40839958190918,2.615295171737671,17.9552001953125,1,ztf_20180925445185_000615_zr_c06_o_q1_scimrefdiffimg.fits,null,615120220,325.5946044921875,20,2458387.0,-999.0,11.416299819946289,15.081899642944336,2458387.0,1.3826114765140787e+17,11,0.13007746636867523,17.96339988708496,21.431800842285156,Kulkarni,18.096099853515625,2754.905517578125,-0.03700000047683716,632,1.1319999694824219,1.3826114765140787e+17,-999.0,15.026000022888184,0.7089999914169312,114.82872772216797,6.203598499298096,13.148445129394531,0.04149999842047691,0.9966670274734497,0,15.683001518249512,1,1.0,,,,,,,,,,,,,,,,,,,,,,,,,,,,,,,,,,
ZTF17aacwbiw,1042549162015015006,58796.55078125,1,16.778135299682617,15.068157196044922,16.808900833129883,15.074455261230469,0.0448295995593071,0.014469875954091549,0.02199999988079071,0.012021452188491821,114.82880401611328,25.222381591796875,0.9428571462631226,615,212,1,2458042.0,0.37710094451904297,6,1042549178368.0,0.30434781312942505,14.909799575805664,-999.0,16.817800521850586,0.014000000432133675,-999.0,0.030765000730752945,-1000.0,0.9970830082893372,15.319999694824219,25.222476959228516,2458430.0,0.30797600746154785,14.800100326538086,15,0.9919999837875366,20.492300033569336,2773.9287109375,14.942700386047363,0,20.137033462524414,0.014000000432133675,-0.015946369618177414,2458166.75,1.0735129117965698,484,0.7699999809265137,1.0377358198165894,2.5299999713897705,0.29328063130378723,1.3826114765140787e+17,18.40839958190918,3.3281328678131104,17.9552001953125,1,ztf_20191109549086_000615_zg_c06_o_q1_scimrefdiffimg.fits,null,615120120,193.30029296875,20,2458797.0,-999.0,11.459177017211914,15.081899642944336,2458797.0,1.3826114765140787e+17,11,0.3301790654659271,17.96339988708496,21.431800842285156,Kulkarni,18.096099853515625,2887.19970703125,0.007000000216066837,1042,0.6129999756813049,1.3826114765140787e+17,-999.0,15.319999694824219,0.7419999837875366,114.82874298095703,10.489801406860352,8.161261558532715,0.026000000536441803,0.9966670274734497,0,15.461226463317871,1,1.0,,,,,,,,,,,,,,,,,,,,,,,,,,,,,,,,,,
ZTF17aacwbiw,732450722015010018,58486.44921875,2,17.25299644470215,14.894660949707031,17.41629981994629,14.91207504272461,0.059451501816511154,0.01651603914797306,0.03400000184774399,0.015676813200116158,114.82869720458984,25.22245216369629,0.8666666746139526,615,48,1,2458042.0,0.18063433468341827,18,732450717696.0,0.4213930368423462,14.909799575805664,-999.0,17.398399353027344,0.017000000923871994,-999.0,0.16330300271511078,-1000.0,0.9970830082893372,15.026000022888184,25.222488403320312,2458372.0,0.30797600746154785,14.800100326538086,15,0.996999979019165,20.492300033569336,2701.532958984375,14.942700386047363,0,20.068859100341797,0.017000000923871994,0.4896914064884186,2458154.75,1.6624608039855957,137,0.847000002861023,1.0304136276245117,2.009999990463257,0.4089552164077759,1.3826114765140787e+17,18.40839958190918,2.652559757232666,17.9552001953125,1,ztf_20190103450718_000615_zr_c06_o_q1_scimrefdiffimg.fits,null,615120220,95.91089630126953,20,2458487.0,-999.0,11.656452178955078,15.081899642944336,2458487.0,1.3826114765140787e+17,11,0.15415941178798676,17.96339988708496,21.431800842285156,Kulkarni,18.096099853515625,2984.589111328125,-0.03700000047683716,732,1.1319999694824219,1.3826114765140787e+17,-999.0,15.026000022888184,0.8220000267028809,114.82872772216797,25.677404403686523,8.62641429901123,0.03909999877214432,0.9966670274734497,0,15.679115295410156,-1,1.0,,,,,,,,,,,,,,,,,,,,,,,,,,,,,,,,,,
ZTF17aacwbiw,1035453362015010050,58789.453125,1,17.738489151000977,15.208849906921387,17.650299072265625,15.199946403503418,0.10814706981182098,0.016445515677332878,0.035999998450279236,0.013088725507259369,114.82868194580078,25.22251319885254,0.6942856907844543,615,200,6,2458042.0,0.25891008973121643,50,1035453333504.0,0.545147716999054,14.909799575805664,-999.0,17.654699325561523,0.014000000432133675,-999.0,-0.088189996778965,-1000.0,0.9970830082893372,15.319999694824219,25.222476959228516,2458430.0,0.30797600746154785,14.800100326538086,15,0.996999979019165,20.492300033569336,2769.56494140625,14.942700386047363,0,20.628053665161133,0.014000000432133675,-0.12346889823675156,2458166.75,2.0,459,0.6850000023841858,1.3198459148406982,1.256540060043335,0.4130389392375946,1.3826114765140787e+17,18.40839958190918,2.9777538776397705,17.9552001953125,1,ztf_20191102453368_000615_zg_c06_o_q1_scimrefdiffimg.fits,null,615120120,194.8289031982422,20,2458790.0,-999.0,11.593568801879883,15.081899642944336,2458790.0,1.3826114765140787e+17,11,0.28125783801078796,17.96339988708496,21.431800842285156,Kulkarni,18.096099853515625,2885.671142578125,0.007000000216066837,1035,0.6129999756813049,1.3826114765140787e+17,-999.0,15.319999694824219,0.5189999938011169,114.82874298095703,6.4106316566467285,39.301490783691406,0.0414000004529953,0.9966670274734497,0,15.89806842803955,-1,0.9639981389045715,,,,,,,,,,,,,,,,,,,,,,,,,,,,,,,,,,
ZTF17aacwbiw,991519512015010017,58745.51953125,1,17.5367488861084,15.187488555908203,17.51490020751953,15.184955596923828,0.07794532924890518,0.015288837254047394,0.05689999833703041,0.01403996255248785,114.82878875732422,25.22248649597168,0.9714285731315613,615,145,1,2458042.0,0.13106462359428406,17,991519506432.0,0.4622340500354767,14.909799575805664,-999.0,17.48040008544922,0.014000000432133675,-999.0,-0.021848000586032867,-1000.0,0.9970830082893372,15.319999694824219,25.222476959228516,2458430.0,0.30797600746154785,14.800100326538086,15,0.9670000076293945,20.492300033569336,2790.739013671875,14.942700386047363,0,19.5768985748291,0.014000000432133675,-0.2700639069080353,2458166.75,1.4873350858688354,273,0.8690000176429749,1.0848939418792725,1.8799999952316284,0.4260638356208801,1.3826114765140787e+17,18.40839958190918,2.061997652053833,17.9552001953125,1,ztf_20190919519514_000615_zg_c06_o_q1_scimrefdiffimg.fits,null,615120120,196.11279296875,20,2458746.0,-999.0,11.33222770690918,15.081899642944336,2458746.0,1.3826114765140787e+17,11,0.18250271677970886,17.96339988708496,21.431800842285156,Kulkarni,18.096099853515625,2884.38720703125,0.007000000216066837,991,0.6129999756813049,1.3826114765140787e+17,-999.0,15.319999694824219,0.8009999990463257,114.82874298095703,13.663139343261719,5.487514972686768,0.06849999725818634,0.9966670274734497,0,15.827465057373047,-1,1.0,,,,,,,,,,,,,,,,,,,,,,,,,,,,,,,,,,
ZTF17aacwbiw,1012529762015015012,58766.53125,2,16.488290786743164,14.775016784667969,16.424800872802734,14.761605262756348,0.05129530280828476,0.01714930683374405,0.016100000590085983,0.013772574253380299,114.82876586914062,25.222423553466797,0.8928571343421936,615,155,1,2458042.0,0.2471623420715332,12,1012529758208.0,0.615526020526886,14.909799575805664,-999.0,16.414499282836914,0.017000000923871994,-999.0,-0.06349000334739685,-1000.0,0.9970830082893372,15.026000022888184,25.222488403320312,2458372.0,0.30797600746154785,14.800100326538086,15,0.996999979019165,20.492300033569336,2776.39794921875,14.942700386047363,0,20.30213737487793,0.017000000923871994,0.5118123292922974,2458154.75,2.0,286,0.7680000066757202,1.04347825050354,1.247713327407837,0.5898790955543518,1.3826114765140787e+17,18.40839958190918,3.8773374557495117,17.9552001953125,1,ztf_20191010529768_000615_zr_c06_o_q1_scimrefdiffimg.fits,null,615120220,196.46139526367188,20,2458767.0,-999.0,11.499698638916016,15.081899642944336,2458767.0,1.3826114765140787e+17,11,0.1347714364528656,17.96339988708496,21.431800842285156,Kulkarni,18.096099853515625,2884.03857421875,-0.03700000047683716,1012,1.1319999694824219,1.3826114765140787e+17,-999.0,15.026000022888184,0.7360000014305115,114.82872772216797,6.104247093200684,56.115779876708984,0.018200000748038292,0.9966670274734497,0,15.599722862243652,1,1.0,,,,,,,,,,,,,,,,,,,,,,,,,,,,,,,,,,
ZTF17aacwbiw,1002454202015010023,58756.453125,1,17.904865264892578,15.22396469116211,17.95359992980957,15.228006362915039,0.10292675346136093,0.015496362932026386,0.05469999834895134,0.013608635403215885,114.8287582397461,25.222505569458008,0.9242857098579407,615,146,5,2458042.0,0.10918023437261581,23,1002454188032.0,0.43113771080970764,14.909799575805664,-999.0,17.99810028076172,0.014000000432133675,-999.0,0.04873500019311905,-1000.0,0.9970830082893372,15.319999694824219,25.222476959228516,2458430.0,0.30797600746154785,14.800100326538086,15,0.6710000038146973,20.492300033569336,2774.49658203125,14.942700386047363,0,20.284099578857422,0.014000000432133675,0.07594291120767593,2458166.75,1.649841070175171,276,0.7200000286102295,1.1128284931182861,1.6699999570846558,0.38742515444755554,1.3826114765140787e+17,18.40839958190918,2.3304996490478516,17.9552001953125,1,ztf_20190930454190_000615_zg_c06_o_q1_scimrefdiffimg.fits,null,615120120,173.18380737304688,20,2458757.0,-999.0,11.37887191772461,15.081899642944336,2458757.0,1.3826114765140787e+17,11,0.18885724246501923,17.96339988708496,21.431800842285156,Kulkarni,18.096099853515625,2907.316162109375,0.007000000216066837,1002,0.6129999756813049,1.3826114765140787e+17,-999.0,15.319999694824219,0.6470000147819519,114.82874298095703,20.36190414428711,8.710783004760742,0.06669999659061432,0.9966670274734497,0,15.890539169311523,-1,0.993617594242096,,,,,,,,,,,,,,,,,,,,,,,,,,,,,,,,,,
ZTF17aacwbiw,1024515302015010024,58778.515625,1,17.81918716430664,15.21644401550293,17.8262996673584,15.217089653015137,0.08031652122735977,0.014674670062959194,0.05889999866485596,0.013803049921989441,114.82875061035156,25.2225399017334,0.9599999785423279,615,194,0,2458042.0,0.23166248202323914,24,1024515309568.0,0.38823530077934265,14.909799575805664,-999.0,17.858600616455078,0.014000000432133675,-999.0,0.00711299991235137,-1000.0,0.9970830082893372,15.319999694824219,25.222476959228516,2458430.0,0.30797600746154785,14.800100326538086,15,0.996999979019165,20.492300033569336,2776.365966796875,14.942700386047363,0,19.83277702331543,0.014000000432133675,-0.6018983125686646,2458166.75,1.2670992612838745,452,0.9240000247955322,1.1323529481887817,2.380000114440918,0.34285715222358704,1.3826114765140787e+17,18.40839958190918,2.006476879119873,17.9552001953125,1,ztf_20191022515266_000615_zg_c06_o_q1_scimrefdiffimg.fits,null,615120120,179.46530151367188,20,2458779.0,-999.0,11.361661911010742,15.081899642944336,2458779.0,1.3826114765140787e+17,11,0.30571508407592773,17.96339988708496,21.431800842285156,Kulkarni,18.096099853515625,2901.03466796875,0.007000000216066837,1024,0.6129999756813049,1.3826114765140787e+17,-999.0,15.319999694824219,0.8159999847412109,114.82874298095703,14.152487754821777,3.042818546295166,0.0738999992609024,0.9966670274734497,0,16.012691497802734,-1,1.0,,,,,,,,,,,,,,,,,,,,,,,,,,,,,,,,,,
ZTF17aacwbiw,707509912015015032,58461.51171875,2,16.737266540527344,14.82193660736084,16.70330047607422,14.8160400390625,0.07356906682252884,0.01890367455780506,0.026499999687075615,0.014765353873372078,114.82877349853516,25.22244644165039,0.5766666531562805,615,42,4,2458042.0,0.2002839744091034,32,707509944320.0,0.7001097202301025,14.909799575805664,-999.0,16.698299407958984,0.017000000923871994,-999.0,-0.033966001123189926,-1000.0,0.9970830082893372,15.026000022888184,25.222488403320312,2458372.0,0.30797600746154785,14.800100326538086,15,0.9990000128746033,20.492300033569336,2707.081298828125,14.942700386047363,0,19.8747615814209,0.017000000923871994,-0.24196989834308624,2458154.75,2.0,124,0.8980000019073486,1.0884848833084106,1.2826560735702515,0.6431965827941895,1.3826114765140787e+17,18.40839958190918,3.171462059020996,17.9552001953125,1,ztf_20181209509907_000615_zr_c06_o_q1_scimrefdiffimg.fits,null,615120220,80.13490295410156,20,2458462.0,-999.0,11.439055442810059,15.081899642944336,2458462.0,1.3826114765140787e+17,11,0.10437262803316116,17.96339988708496,21.431800842285156,Kulkarni,18.096099853515625,3000.364990234375,-0.03700000047683716,707,1.1319999694824219,1.3826114765140787e+17,-999.0,15.026000022888184,0.824999988079071,114.82872772216797,6.377099990844727,32.768306732177734,0.031099999323487282,0.9966670274734497,0,15.682242393493652,1,0.9352529644966125,,,,,,,,,,,,,,,,,,,,,,,,,,,,,,,,,,
ZTF17aacwbiw,687477852015015024,58441.4765625,1,17.15762710571289,15.136569023132324,17.23430061340332,15.148138046264648,0.04843052476644516,0.014017011970281601,0.023900000378489494,0.012452113442122936,114.82876586914062,25.222412109375,0.7766666412353516,615,36,2,2458042.0,0.2394159883260727,24,687477882880.0,0.2389240562915802,14.909799575805664,-999.0,17.239700317382812,0.014000000432133675,-999.0,0.0766730010509491,-1000.0,0.9970830082893372,15.319999694824219,25.222476959228516,2458430.0,0.30797600746154785,14.800100326538086,15,1.0,20.492300033569336,2712.100341796875,14.942700386047363,0,20.857641220092773,0.014000000432133675,0.27081888914108276,2458166.75,0.8272426128387451,113,0.7549999952316284,1.0559440851211548,3.1600000858306885,0.2262658178806305,1.3826114765140787e+17,18.40839958190918,3.6233408451080322,17.9552001953125,1,ztf_20181119477836_000615_zg_c06_o_q1_scimrefdiffimg.fits,null,615120120,104.404296875,20,2458442.0,-999.0,11.504755973815918,15.081899642944336,2458442.0,1.3826114765140787e+17,11,0.1779102385044098,17.96339988708496,21.431800842285156,Kulkarni,18.096099853515625,2976.095703125,0.007000000216066837,687,0.6129999756813049,1.3826114765140787e+17,-999.0,15.319999694824219,0.7149999737739563,114.82874298095703,11.258933067321777,9.28926944732666,0.02630000002682209,0.9966670274734497,0,15.56032657623291,1,0.9914341568946838,,,,,,,,,,,,,,,,,,,,,,,,,,,,,,,,,,
ZTF17aacwbiw,982512842015015009,58736.51171875,2,16.838722229003906,14.83866024017334,16.797100067138672,14.83195686340332,0.060102593153715134,0.017186740413308144,0.024000000208616257,0.014750362373888493,114.82878112792969,25.222383499145508,0.8942857384681702,615,143,0,2458042.0,0.41138139367103577,9,982512828416.0,0.5245261192321777,14.909799575805664,-999.0,16.786699295043945,0.017000000923871994,-999.0,-0.04162300005555153,-1000.0,0.9970830082893372,15.026000022888184,25.222488403320312,2458372.0,0.30797600746154785,14.800100326538086,15,0.996999979019165,20.492300033569336,2789.474609375,14.942700386047363,0,20.06971549987793,0.017000000923871994,0.40941280126571655,2458154.75,2.0,269,0.699999988079071,1.1006289720535278,1.3345378637313843,0.4765694737434387,1.3826114765140787e+17,18.40839958190918,3.2726149559020996,17.9552001953125,1,ztf_20190910512847_000615_zr_c06_o_q1_scimrefdiffimg.fits,null,615120220,194.8820037841797,20,2458737.0,-999.0,11.511026382446289,15.081899642944336,2458737.0,1.3826114765140787e+17,11,0.2971348464488983,17.96339988708496,21.431800842285156,Kulkarni,18.096099853515625,2885.617919921875,-0.03700000047683716,982,1.1319999694824219,1.3826114765140787e+17,-999.0,15.026000022888184,0.6359999775886536,114.82872772216797,9.927311897277832,113.62968444824219,0.027699999511241913,0.9966670274734497,0,15.456964492797852,1,1.0,,,,,,,,,,,,,,,,,,,,,,,,,,,,,,,,,,
ZTF17aacwbiw,682344152015010012,58436.34375,2,17.008953094482422,14.863922119140625,17.211999893188477,14.889911651611328,0.06583928316831589,0.017255807295441628,0.04610000178217888,0.015950335189700127,114.82867431640625,25.222347259521484,0.7733333110809326,615,8,1,2458375.0,0.5355196595191956,12,682344120320.0,0.5021991729736328,14.909799575805664,-999.0,17.207199096679688,0.017000000923871994,-999.0,0.20304599404335022,-1000.0,0.9970830082893372,15.026000022888184,25.222488403320312,2458372.0,0.30797600746154785,14.800100326538086,15,0.6869999766349792,20.492300033569336,2704.01171875,14.942700386047363,0,19.195878982543945,0.017000000923871994,-1.0597180128097534,2458154.75,2.0,104,0.9779999852180481,1.0471092462539673,1.947434425354004,0.4796053469181061,1.3826114765140787e+17,18.40839958190918,1.9838794469833374,17.9552001953125,1,ztf_20181114344144_000615_zr_c06_o_q1_scimrefdiffimg.fits,null,615120220,113.19200134277344,20,2458436.75,-999.0,11.87929916381836,15.081899642944336,2458436.75,1.3826114765140787e+17,11,0.4475279450416565,17.96339988708496,21.431800842285156,Kulkarni,18.096099853515625,2967.30810546875,-0.03700000047683716,682,1.1319999694824219,1.3826114765140787e+17,-999.0,15.026000022888184,0.9340000152587891,114.82872772216797,10.013006210327148,4.4540300369262695,0.05609999969601631,0.9966670274734497,0,15.296284675598145,-1,1.0,,,,,,,,,,,,,,,,,,,,,,,,,,,,,,,,,,
ZTF17aacwbiw,818173352015015027,58572.171875,1,16.052001953125,14.872870445251465,16.097900390625,14.888148307800293,0.049513958394527435,0.019114438444375992,0.02239999920129776,0.011937462724745274,114.82877349853516,25.222434997558594,0.6499999761581421,615,62,0,2458042.0,0.1582285612821579,27,818173378560.0,0.21563342213630676,14.909799575805664,-999.0,16.106000900268555,0.014000000432133675,-999.0,0.04589900001883507,-1000.0,0.9970830082893372,15.319999694824219,25.222476959228516,2458430.0,0.30797600746154785,14.800100326538086,15,0.9990000128746033,20.492300033569336,2724.24072265625,14.942700386047363,0,19.410127639770508,0.014000000432133675,0.10144820064306259,2458166.75,0.6753448843955994,162,0.800000011920929,1.1004126071929932,3.7100000381469727,0.19595687091350555,1.3826114765140787e+17,18.40839958190918,3.312227487564087,17.9552001953125,1,ztf_20190330173345_000615_zg_c06_o_q1_scimrefdiffimg.fits,null,615120120,98.4708023071289,20,2458572.75,-999.0,11.459574699401855,15.081899642944336,2458572.75,1.3826114765140787e+17,11,0.12219498306512833,17.96339988708496,21.431800842285156,Kulkarni,18.096099853515625,2982.029296875,0.007000000216066837,818,0.6129999756813049,1.3826114765140787e+17,-999.0,15.319999694824219,0.7269999980926514,114.82874298095703,26.47579574584961,13.435046195983887,0.02710000053048134,0.9966670274734497,0,15.641173362731934,1,1.0,,,,,,,,,,,,,,,,,,,,,,,,,,,,,,,,,,
ZTF17aacwbiw,833206342015010015,58587.20703125,1,17.50273323059082,15.183526039123535,17.4375,15.175613403320312,0.06484776735305786,0.0145293939858675,0.06610000133514404,0.014763946644961834,114.82866668701172,25.222517013549805,0.7357142567634583,615,66,4,2458042.0,0.28247272968292236,15,833206353920.0,0.6485301852226257,14.909799575805664,-999.0,17.431299209594727,0.014000000432133675,-999.0,-0.06523299962282181,-1000.0,0.9970830082893372,15.319999694824219,25.222476959228516,2458430.0,0.30797600746154785,14.800100326538086,15,0.8180000185966492,20.492300033569336,2707.160400390625,14.942700386047363,0,19.420488357543945,0.014000000432133675,-0.6426395177841187,2458166.75,2.0,168,0.8100000023841858,1.1281336545944214,1.2489781379699707,0.5748699903488159,1.3826114765140787e+17,18.40839958190918,1.982987880706787,17.9552001953125,1,ztf_20190414206308_000615_zg_c06_o_q1_scimrefdiffimg.fits,null,615120120,142.23739624023438,20,2458587.75,-999.0,11.629642486572266,15.081899642944336,2458587.75,1.3826114765140787e+17,11,0.3201307952404022,17.96339988708496,21.431800842285156,Kulkarni,18.096099853515625,2938.2626953125,0.007000000216066837,833,0.6129999756813049,1.3826114765140787e+17,-999.0,15.319999694824219,0.7179999947547913,114.82874298095703,8.265256881713867,7.60316276550293,0.08269999921321869,0.9966670274734497,0,15.905134201049805,-1,1.0,,,,,,,,,,,,,,,,,,,,,,,,,,,,,,,,,,
ZTF17aacwbiw,684422532015015013,58438.421875,1,16.795503616333008,15.071730613708496,16.8612003326416,15.084839820861816,0.04490029066801071,0.01443242933601141,0.022700000554323196,0.012109360657632351,114.82877349853516,25.22242546081543,0.7366666793823242,615,30,2,2458042.0,0.2070479840040207,13,684422529024.0,0.2224137932062149,14.909799575805664,-999.0,16.866100311279297,0.014000000432133675,-999.0,0.06569600105285645,-1000.0,0.9970830082893372,15.319999694824219,25.222476959228516,2458430.0,0.30797600746154785,14.800100326538086,15,0.9850000143051147,20.492300033569336,2726.20361328125,14.942700386047363,0,20.353748321533203,0.014000000432133675,0.866303026676178,2458166.75,0.754637598991394,106,0.7739999890327454,1.050203561782837,3.4800000190734863,0.2117816060781479,1.3826114765140787e+17,18.40839958190918,3.4925472736358643,17.9552001953125,1,ztf_20181116422535_000615_zg_c06_o_q1_scimrefdiffimg.fits,null,615120120,99.31120300292969,20,2458439.0,-999.0,11.47035026550293,15.081899642944336,2458439.0,1.3826114765140787e+17,11,0.14773979783058167,17.96339988708496,21.431800842285156,Kulkarni,18.096099853515625,2981.188720703125,0.007000000216066837,684,0.6129999756813049,1.3826114765140787e+17,-999.0,15.319999694824219,0.7369999885559082,114.82874298095703,12.55677318572998,9.73892879486084,0.025800000876188278,0.9966670274734497,0,15.609003067016602,1,0.9995836615562439,,,,,,,,,,,,,,,,,,,,,,,,,,,,,,,,,,
ZTF17aacwbiw,1027494212015010015,58781.49609375,2,17.598072052001953,14.928875923156738,17.986600875854492,14.95719051361084,0.08239273726940155,0.017069390043616295,0.07100000232458115,0.016541022807359695,114.8287353515625,25.22260093688965,0.7885714173316956,615,194,0,2458042.0,0.3979708254337311,15,1027494182912.0,0.45593684911727905,14.909799575805664,-999.0,17.972400665283203,0.017000000923871994,-999.0,0.3885270059108734,-1000.0,0.9970830082893372,15.026000022888184,25.222488403320312,2458372.0,0.30797600746154785,14.800100326538086,15,0.9380000233650208,20.492300033569336,2766.800048828125,14.942700386047363,0,19.509174346923828,0.017000000923871994,0.4242956042289734,2458154.75,2.0,455,0.921999990940094,1.0634371042251587,2.022209882736206,0.42873886227607727,1.3826114765140787e+17,18.40839958190918,1.5225741863250732,17.9552001953125,1,ztf_20191025493854_000615_zr_c06_o_q1_scimrefdiffimg.fits,null,615120220,175.25289916992188,20,2458782.0,-999.0,11.30757999420166,15.081899642944336,2458782.0,1.3826114765140787e+17,11,0.5206173658370972,17.96339988708496,21.431800842285156,Kulkarni,18.096099853515625,2905.2470703125,-0.03700000047683716,1027,1.1319999694824219,1.3826114765140787e+17,-999.0,15.026000022888184,0.8669999837875366,114.82872772216797,5.912790298461914,3.2386090755462646,0.08460000157356262,0.9966670274734497,0,16.223800659179688,-1,1.0,,,,,,,,,,,,,,,,,,,,,,,,,,,,,,,,,,
ZTF17aacwbiw,1012464932015015012,58766.46484375,1,17.033178329467773,15.116263389587402,17.051599502563477,15.119393348693848,0.04213901236653328,0.013661948963999748,0.023499999195337296,0.012294895015656948,114.8287124633789,25.222400665283203,0.9457142949104309,615,154,0,2458042.0,0.28945955634117126,12,1012464943104.0,0.33076924085617065,14.909799575805664,-999.0,17.03260040283203,0.014000000432133675,-999.0,0.018422000110149384,-1000.0,0.9970830082893372,15.319999694824219,25.222476959228516,2458430.0,0.30797600746154785,14.800100326538086,15,0.9829999804496765,20.492300033569336,2786.158935546875,14.942700386047363,0,20.28190803527832,0.014000000432133675,-0.26893290877342224,2458166.75,1.0557554960250854,285,1.031999945640564,1.0227948427200317,3.119999885559082,0.3233974277973175,1.3826114765140787e+17,18.40839958190918,3.2303080558776855,17.9552001953125,1,ztf_20191010464919_000615_zg_c06_o_q1_scimrefdiffimg.fits,null,615120120,213.2259979248047,20,2458767.0,-999.0,11.67926025390625,15.081899642944336,2458767.0,1.3826114765140787e+17,11,0.21695736050605774,17.96339988708496,21.431800842285156,Kulkarni,18.096099853515625,2867.27392578125,0.007000000216066837,1012,0.6129999756813049,1.3826114765140787e+17,-999.0,15.319999694824219,1.0089999437332153,114.82874298095703,16.367511749267578,3.3250961303710938,0.026000000536441803,0.9966670274734497,0,15.50158405303955,1,1.0,,,,,,,,,,,,,,,,,,,,,,,,,,,,,,,,,,
ZTF17aacwbiw,693436032015015050,58447.4375,2,16.795644760131836,14.831718444824219,16.8085994720459,14.833830833435059,0.04293439909815788,0.015860047191381454,0.037300001829862595,0.015474313870072365,114.8287353515625,25.22237205505371,0.8100000023841858,615,39,0,2458042.0,0.4154863953590393,50,693436022784.0,0.36452990770339966,14.909799575805664,-999.0,16.839099884033203,0.017000000923871994,-999.0,0.012954999692738056,-1000.0,0.9970830082893372,15.026000022888184,25.222488403320312,2458372.0,0.30797600746154785,14.800100326538086,15,0.9990000128746033,20.492300033569336,2724.32080078125,14.942700386047363,0,19.373537063598633,0.017000000923871994,4.418676853179932,2458154.75,1.1426513195037842,118,0.8529999852180481,1.0797468423843384,2.3399999141693115,0.33760684728622437,1.3826114765140787e+17,18.40839958190918,2.564936399459839,17.9552001953125,1,ztf_20181125435972_000615_zr_c06_o_q1_scimrefdiffimg.fits,null,615120220,90.92630004882812,20,2458448.0,-999.0,11.663352012634277,15.081899642944336,2458448.0,1.3826114765140787e+17,11,0.30375954508781433,17.96339988708496,21.431800842285156,Kulkarni,18.096099853515625,2989.57373046875,-0.03700000047683716,693,1.1319999694824219,1.3826114765140787e+17,-999.0,15.026000022888184,0.7900000214576721,114.82872772216797,7.088984966278076,65.00920867919922,0.04769999906420708,0.9966670274734497,0,15.403528213500977,1,1.0,,,,,,,,,,,,,,,,,,,,,,,,,,,,,,,,,,
ZTF17aacwbiw,979514672015015006,58733.515625,2,15.887797355651855,14.620972633361816,15.900099754333496,14.624788284301758,0.037591706961393356,0.016554459929466248,0.013299999758601189,0.012445835396647453,114.8287353515625,25.22244644165039,0.9057142734527588,615,140,2,2458042.0,0.14896483719348907,6,979514687488.0,0.6206983923912048,14.909799575805664,-999.0,15.896400451660156,0.017000000923871994,-999.0,0.012303000316023827,-1000.0,0.9970830082893372,15.026000022888184,25.222488403320312,2458372.0,0.30797600746154785,14.800100326538086,15,1.0,20.492300033569336,2790.008544921875,14.942700386047363,0,19.77129554748535,0.017000000923871994,1.3191699981689453,2458154.75,2.0,267,0.8180000185966492,1.1129251718521118,1.3178703784942627,0.5577179789543152,1.3826114765140787e+17,18.40839958190918,3.87119460105896,17.9552001953125,1,ztf_20190907514676_000615_zr_c06_o_q1_scimrefdiffimg.fits,null,615120220,220.4403076171875,20,2458734.0,-999.0,11.536222457885742,15.081899642944336,2458734.0,1.3826114765140787e+17,11,0.035819508135318756,17.96339988708496,21.431800842285156,Kulkarni,18.096099853515625,2860.059814453125,-0.03700000047683716,979,1.1319999694824219,1.3826114765140787e+17,-999.0,15.026000022888184,0.7350000143051147,114.82872772216797,7.339459419250488,27.885953903198242,0.015599999576807022,0.9966670274734497,0,15.671862602233887,1,1.0,,,,,,,,,,,,,,,,,,,,,,,,,,,,,,,,,,
ZTF17aacwbiw,717277762015015043,58471.27734375,2,16.401819229125977,14.756596565246582,16.404699325561523,14.75722885131836,0.039532341063022614,0.01585579477250576,0.018799999728798866,0.013897666707634926,114.82879638671875,25.222440719604492,0.8399999737739563,615,45,0,2458042.0,0.27719125151634216,43,717277757440.0,0.6006187200546265,14.909799575805664,-999.0,16.386499404907227,0.017000000923871994,-999.0,0.0028800000436604023,-1000.0,0.9970830082893372,15.026000022888184,25.222488403320312,2458372.0,0.30797600746154785,14.800100326538086,15,0.996999979019165,20.492300033569336,2718.74462890625,14.942700386047363,0,19.75262451171875,0.017000000923871994,-0.4420219957828522,2458154.75,2.0,130,0.8840000033378601,1.0981366634368896,1.471815586090088,0.5469434857368469,1.3826114765140787e+17,18.40839958190918,3.347923994064331,17.9552001953125,1,ztf_20181219277766_000615_zr_c06_o_q1_scimrefdiffimg.fits,null,615120220,106.625,20,2458471.75,-999.0,11.36358642578125,15.081899642944336,2458471.75,1.3826114765140787e+17,11,0.20088444650173187,17.96339988708496,21.431800842285156,Kulkarni,18.096099853515625,2973.875,-0.03700000047683716,717,1.1319999694824219,1.3826114765140787e+17,-999.0,15.026000022888184,0.8050000071525574,114.82872772216797,7.676525592803955,12.147997856140137,0.02199999988079071,0.9966670274734497,0,15.671553611755371,1,1.0,,,,,,,,,,,,,,,,,,,,,,,,,,,,,,,,,,
ZTF17aacwbiw,1146298032015015015,58900.296875,1,16.669719696044922,15.044807434082031,16.7012996673584,15.051798820495605,0.03989030048251152,0.014064975082874298,0.016300000250339508,0.011502979323267937,114.82877349853516,25.22238540649414,0.8471428751945496,615,394,0,2458042.0,0.33895406126976013,15,1146298040320.0,0.1751902550458908,14.909799575805664,-999.0,16.67009925842285,0.014000000432133675,-999.0,0.03158099949359894,,0.9970830082893372,,25.222476959228516,2458430.0,0.30797600746154785,14.800100326538086,15,0.9819999933242798,20.492300033569336,2784.13671875,14.942700386047363,0,20.458341598510742,,-0.16432340443134308,2458166.75,0.45581138134002686,1124,1.1510000228881836,1.0332136154174805,6.570000171661377,0.1695585995912552,1.3826114765140787e+17,18.40839958190918,3.757042169570923,17.9552001953125,1,ztf_20200221298032_000615_zg_c06_o_q1_scimrefdiffimg.fits,null,615120120,183.8527069091797,20,2458900.75,-999.0,11.538111686706543,15.081899642944336,2458900.75,1.3826114765140787e+17,11,0.27673763036727905,17.96339988708496,21.431800842285156,Kulkarni,18.096099853515625,2896.647216796875,0.007000000216066837,1146,0.6129999756813049,1.3826114765140787e+17,-999.0,15.319999694824219,1.1139999628067017,114.82874298095703,16.596582412719727,26.569387435913086,0.017799999564886093,0.9966670274734497,0,15.46040153503418,1,1.0,-1.7050000678864308e-05,1420.0,-0.1316470056772232,0.276588499546051,224.76123046875,0.06412199884653091,0.9999920129776001,65.14257049560547,-159.61866760253906,d6_m7,1.302760028920602e-05,26.204999923706055,13.35456657409668,26.28571891784668,40.28176498413086,t17_f5_c3,0.5740000009536743,1.1462980465611244e+18,30.0,0.2741580009460449,2.6318000891478732e-05,14.93262767791748,,,,,,,,,,,,
ZTF17aacwbiw,1113390592015015025,58867.390625,1,16.064502716064453,14.877074241638184,16.08839988708496,14.885021209716797,0.03388330340385437,0.014680354855954647,0.009999999776482582,0.009942550212144852,114.82879638671875,25.2224178314209,0.8885714411735535,615,360,1,2458042.0,0.278553307056427,25,1113390579712.0,0.23492063581943512,14.909799575805664,-999.0,16.078100204467773,0.014000000432133675,-999.0,0.023896999657154083,,0.9970830082893372,,25.222476959228516,2458430.0,0.30797600746154785,14.800100326538086,15,0.9900000095367432,20.492300033569336,2790.324462890625,14.942700386047363,0,20.549657821655273,,0.21154269576072693,2458166.75,0.7319237589836121,1070,0.8880000114440918,1.047169804573059,3.7799999713897705,0.2243386209011078,1.3826114765140787e+17,18.40839958190918,4.461256980895996,17.9552001953125,1,ztf_20200119390579_000615_zg_c06_o_q1_scimrefdiffimg.fits,null,615120120,151.22860717773438,20,2458868.0,-999.0,11.406190872192383,15.081899642944336,2458868.0,1.3826114765140787e+17,11,0.23303376138210297,17.96339988708496,21.431800842285156,TESS,18.096099853515625,2929.271484375,0.007000000216066837,1113,0.6129999756813049,1.3826114765140787e+17,-999.0,15.319999694824219,0.8479999899864197,114.82874298095703,30.568532943725586,44.25101852416992,0.010900000110268593,0.9966670274734497,0,15.588295936584473,1,1.0,-1.807000080589205e-05,1426.0,-0.12589900195598602,0.23310665786266327,432.7144775390625,0.06489799916744232,0.9996274709701538,156.16268920898438,-276.5517883300781,d6_m7,1.3894899893784896e-05,26.216999053955078,13.35456657409668,26.292503356933594,40.33070373535156,t17_f5_c3,0.5770000219345093,1.113390625614463e+18,30.0,0.2758390009403229,2.770249921013601e-05,14.93262767791748,1.0,114.82879638671875,25.2224178314209,16.064502716064453,0.03388330340385437,16.08839988708496,0.009999999776482582,0.8885714411735535,14.877074241638184,0.014680354855954647,14.885021209716797,0.009942550212144852
ZTF17aacwbiw,1097436052015015058,58851.4375,2,16.670686721801758,14.810234069824219,16.723400115966797,14.819547653198242,0.030255811288952827,0.01496497169137001,0.020899999886751175,0.014514648355543613,114.82882690429688,25.222427368164062,0.7928571701049805,615,311,2,2458042.0,0.3884229063987732,58,1097436037120.0,0.3567567467689514,14.909799575805664,-999.0,16.705400466918945,0.017000000923871994,-999.0,0.052712999284267426,,0.9970830082893372,,25.222488403320312,2458372.0,0.30797600746154785,14.800100326538086,15,0.9990000128746033,20.492300033569336,2769.407958984375,14.942700386047363,0,19.987470626831055,,2.126131057739258,2458154.75,1.2033300399780273,991,0.9240000247955322,1.100000023841858,2.5899999141693115,0.3243243098258972,1.3826114765140787e+17,18.40839958190918,3.264070749282837,17.9552001953125,1,ztf_20200103436042_000615_zr_c06_o_q1_scimrefdiffimg.fits,null,615120220,146.0269012451172,20,2458852.0,-999.0,11.296226501464844,15.081899642944336,2458852.0,1.3826114765140787e+17,11,0.3104347288608551,17.96339988708496,21.431800842285156,TESS,18.096099853515625,2934.47314453125,-0.03700000047683716,1097,1.1319999694824219,1.3826114765140787e+17,-999.0,15.026000022888184,0.8399999737739563,114.82872772216797,19.489585876464844,24.367095947265625,0.023900000378489494,0.9966670274734497,0,15.63517951965332,1,0.9905871748924255,-6.499999926745659e-06,1444.0,0.09694299846887589,0.3105994164943695,171.83433532714844,0.04274800047278404,0.9659185409545898,81.76004791259766,-90.07428741455078,d6_m7,5.0413000280968845e-06,26.361000061035156,13.35456657409668,26.299686431884766,40.30036926269531,t17_f5_c3,0.5830000042915344,1.0974360247006659e+18,30.0,0.2778649926185608,9.882500307867303e-06,14.93262767791748,2.0,114.82882690429688,25.222427368164062,16.670686721801758,0.030255811288952827,16.723400115966797,0.020899999886751175,0.7928571701049805,14.810234069824219,0.01496497169137001,14.819547653198242,0.014514648355543613
ZTF17aacwbiw,1137245132015015016,58891.24609375,1,16.37935447692871,14.972722053527832,16.448400497436523,14.991190910339355,0.04424985498189926,0.015814831480383873,0.017000000923871994,0.011255533434450626,114.8287582397461,25.222429275512695,0.8242856860160828,615,383,5,2458042.0,0.17856115102767944,16,1137245159424.0,0.1921800971031189,14.909799575805664,-999.0,16.4375,0.014000000432133675,-999.0,0.06904599815607071,,0.9970830082893372,,25.222476959228516,2458430.0,0.30797600746154785,14.800100326538086,15,1.0,20.492300033569336,2787.730712890625,14.942700386047363,0,20.104408264160156,,0.22314129769802094,2458166.75,0.5859109163284302,1103,0.8109999895095825,1.095945954322815,4.21999979019165,0.1753554493188858,1.3826114765140787e+17,18.40839958190918,3.6560091972351074,17.9552001953125,1,ztf_20200212245127_000615_zg_c06_o_q1_scimrefdiffimg.fits,null,615120120,138.04409790039062,20,2458891.75,-999.0,11.500550270080566,15.081899642944336,2458891.75,1.3826114765140787e+17,11,0.11415940523147583,17.96339988708496,21.431800842285156,Kulkarni,18.096099853515625,2942.455810546875,0.007000000216066837,1137,0.6129999756813049,1.3826114765140787e+17,-999.0,15.319999694824219,0.7400000095367432,114.82874298095703,27.220382690429688,55.372825622558594,0.019999999552965164,0.9966670274734497,0,15.616691589355469,1,0.94097501039505,-6.310000117082382e-06,1390.0,-0.08115100115537643,0.11409585177898407,248.70529174804688,0.03787999972701073,0.9979655742645264,107.59053802490234,-141.11476135253906,d6_m7,4.7282001105486415e-06,26.29199981689453,13.35456657409668,26.33535385131836,40.43697738647461,t17_f5_c3,0.5659999847412109,1.1372451488543539e+18,30.0,0.2656550109386444,9.889599823509343e-06,14.93262767791748,1.0,114.8287582397461,25.222429275512695,16.37935447692871,0.04424985498189926,16.448400497436523,0.017000000923871994,0.8242856860160828,14.972722053527832,0.015814831480383873,14.991190910339355,0.011255533434450626
ZTF17aacwbiw,1130203362015010018,58884.203125,2,17.543781280517578,15.138436317443848,17.500099182128906,15.143310546875,0.06445299088954926,0.020123634487390518,0.058400001376867294,0.020077679306268692,114.82874298095703,25.222448348999023,0.941428542137146,615,379,1,2458042.0,0.14994390308856964,18,1130203316224.0,0.5067121386528015,14.909799575805664,-999.0,17.483400344848633,0.017000000923871994,-999.0,-0.043682001531124115,,0.9970830082893372,,25.222488403320312,2458372.0,0.30797600746154785,14.800100326538086,15,0.9919999837875366,20.492300033569336,2754.600341796875,14.942700386047363,0,19.352495193481445,,-0.10165099799633026,2458154.75,2.0,1098,0.8360000252723694,1.0528967380523682,1.6498520374298096,0.48125529289245605,1.3826114765140787e+17,18.40839958190918,1.8523952960968018,17.9552001953125,1,ztf_20200205203368_000615_zr_c06_o_q1_scimrefdiffimg.fits,null,615120220,127.75849914550781,20,2458884.75,-999.0,11.514907836914062,15.081899642944336,2458884.75,1.3826114765140787e+17,11,0.028376394882798195,17.96339988708496,21.431800842285156,Kulkarni,18.096099853515625,2952.741455078125,-0.03700000047683716,1130,1.1319999694824219,1.3826114765140787e+17,-999.0,15.026000022888184,0.7940000295639038,114.82872772216797,13.933929443359375,4.041114330291748,0.07150000333786011,0.9966670274734497,0,15.681530952453613,-1,1.0,-6.669999947916949e-06,1447.0,0.10598500072956085,0.028503255918622017,44.15562057495117,0.044840000569820404,0.9959304332733154,17.534690856933594,-26.620929718017578,d6_m7,5.178399987926241e-06,26.368000030517578,13.35456657409668,26.30478286743164,40.52351379394531,t17_f5_c3,0.5830000042915344,1.1302033953537393e+18,30.0,0.27863699197769165,1.0134100193681661e-05,14.93262767791748,2.0,114.82874298095703,25.222448348999023,17.543781280517578,0.06445299088954926,17.500099182128906,0.058400001376867294,0.941428542137146,15.138436317443848,0.020123634487390518,15.143310546875,0.020077679306268692
ZTF17aacwbiw,1140242732015015022,58894.2421875,2,16.186399459838867,14.705461502075195,16.20159912109375,14.70932674407959,0.04181564226746559,0.01656491495668888,0.011800000444054604,0.013045437633991241,114.82879638671875,25.222442626953125,0.8471428751945496,615,386,2,2458042.0,0.2594391107559204,22,1140242776064.0,0.3071146309375763,14.909799575805664,-999.0,16.202199935913086,0.017000000923871994,-999.0,0.015200000256299973,,0.9970830082893372,,25.222488403320312,2458372.0,0.30797600746154785,14.800100326538086,15,0.9490000009536743,20.492300033569336,2792.072998046875,14.942700386047363,0,20.54057502746582,,-0.6185261011123657,2458154.75,1.0236419439315796,1109,0.7770000100135803,1.1163792610168457,2.5299999713897705,0.2750988006591797,1.3826114765140787e+17,18.40839958190918,4.338974952697754,17.9552001953125,1,ztf_20200215242685_000615_zr_c06_o_q1_scimrefdiffimg.fits,null,615120220,109.22799682617188,20,2458894.75,-999.0,11.378883361816406,15.081899642944336,2458894.75,1.3826114765140787e+17,11,0.18080762028694153,17.96339988708496,21.431800842285156,Kulkarni,18.096099853515625,2971.27197265625,-0.03700000047683716,1140,1.1319999694824219,1.3826114765140787e+17,-999.0,15.026000022888184,0.6959999799728394,114.82872772216797,7.098371982574463,86.6689682006836,0.013000000268220901,0.9966670274734497,0,15.674229621887207,1,1.0,-6.409999969037017e-06,1432.0,0.08964300155639648,0.18100258708000183,355.26275634765625,0.04118400067090988,0.9159172773361206,151.93948364257812,-203.32327270507812,d6_m7,4.9781001507653855e-06,26.341999053955078,13.35456657409668,26.285400390625,40.41102981567383,t17_f5_c3,0.5860000252723694,1.140242761149055e+18,30.0,0.27805399894714355,9.70840028458042e-06,14.93262767791748,2.0,114.82879638671875,25.222442626953125,16.186399459838867,0.04181564226746559,16.20159912109375,0.011800000444054604,0.8471428751945496,14.705461502075195,0.01656491495668888,14.70932674407959,0.013045437633991241
ZTF17aacwbiw,1096424512015015045,58850.42578125,1,18.301542282104492,15.252464294433594,18.364200592041016,15.256142616271973,0.09140607714653015,0.014263921417295933,0.06989999860525131,0.013790929690003395,114.82886505126953,25.2224178314209,0.558571457862854,615,273,2,2458042.0,0.4325339198112488,45,1096424488960.0,0.509829044342041,14.909799575805664,-999.0,18.297800064086914,0.014000000432133675,-999.0,0.06265699863433838,,0.9970830082893372,,25.222476959228516,2458430.0,0.30797600746154785,14.800100326538086,15,0.7149999737739563,20.492300033569336,2789.2451171875,14.942700386047363,0,20.020771026611328,,0.5273463129997253,2458166.75,1.8835781812667847,935,1.1929999589920044,1.1329535245895386,2.3399999141693115,0.44999998807907104,1.3826114765140787e+17,18.40839958190918,1.6565707921981812,17.9552001953125,1,ztf_20200102424502_000615_zg_c06_o_q1_scimrefdiffimg.fits,null,615120120,140.18670654296875,20,2458851.0,-999.0,11.22124195098877,15.081899642944336,2458851.0,1.3826114765140787e+17,11,0.4226848781108856,17.96339988708496,21.431800842285156,TESS,18.096099853515625,2940.313232421875,0.007000000216066837,1096,0.6129999756813049,1.3826114765140787e+17,-999.0,15.319999694824219,1.0529999732971191,114.82874298095703,6.642772674560547,3.8796472549438477,0.07559999823570251,0.9966670274734497,0,15.607972145080566,1,1.0,-2.255000072182156e-05,1192.0,-0.06316699832677841,0.4228498041629791,34.40201950073242,0.05285000056028366,0.784142255783081,7.37156343460083,-27.03045654296875,d6_m7,1.5526700735790655e-05,26.22949981689453,13.35456657409668,26.26154327392578,40.20832824707031,t17_f5_c3,0.5350000262260437,1.0964245427225887e+18,30.0,0.23795799911022186,3.803410072578117e-05,14.93262767791748,1.0,114.82886505126953,25.2224178314209,18.301542282104492,0.09140607714653015,18.364200592041016,0.06989999860525131,0.558571457862854,15.252464294433594,0.014263921417295933,15.256142616271973,0.013790929690003395
